box_score_id,game_id,player_id,team_id,pts,reb,ast,blk,stl,turnover,oreb,dreb,fg3_pct,fg3a,fg3m,fg_pct,fga,fgm,ft_pct,fta,ftm,min,pf
14456550,1038409,33,23,6,1,0,0,1,0,0,1,'0.4',5,2,'0.4',5,2,0,0,0,17,0
14456551,1038409,200,23,8,8,0,3,1,0,1,7,0,3,0,'0.2727273',11,3,1,2,2,31,1
14456552,1038409,3547270,23,13,8,1,2,0,3,4,4,'0.5',2,1,'0.4615385',13,6,0,0,0,27,5
14456553,1038409,210,23,11,2,4,0,0,2,1,1,'0.3333333',9,3,'0.3076923',13,4,0,0,0,28,0
14456554,1038409,3547254,23,24,3,7,0,3,1,0,3,'0.375',8,3,'0.4210526',19,8,1,5,5,39,3
14456555,1038409,28,23,0,3,2,0,0,0,1,2,0,0,0,0,1,0,0,0,0,11,2
14456556,1038409,666429,23,0,0,1,0,0,0,0,0,0,0,0,0,1,0,0,0,0,04,0
14456557,1038409,56913527,23,2,1,1,0,0,0,0,1,0,0,0,1,1,1,0,0,0,07,0
14456558,1038409,286,23,3,2,3,0,2,1,1,1,'0.5',2,1,'0.5',2,1,0,0,0,21,2
14456559,1038409,313,23,16,3,3,0,2,0,0,3,'0.5',8,4,'0.4166667',12,5,1,2,2,18,2
14456560,1038409,360,23,12,9,2,0,3,3,5,4,'0.2',5,1,'0.3333333',15,5,'0.5',2,1,29,3
14456561,1038409,368,23,3,1,0,0,0,0,0,1,'0.25',4,1,'0.25',4,1,0,0,0,08,0
14456562,1038409,108,23,0,0,0,0,0,0,0,0,0,0,0,0,0,0,0,0,0,00,0
14456563,1038409,145,23,0,0,0,0,0,0,0,0,0,0,0,0,0,0,0,0,0,00,0
14456564,1038409,38017732,23,0,0,0,0,0,0,0,0,0,0,0,0,0,0,0,0,0,00,0
14456565,1038409,3547294,23,0,0,0,0,0,0,0,0,0,0,0,0,0,0,0,0,0,00,0
14456566,1038409,56677788,23,0,0,0,0,0,0,0,0,0,0,0,0,0,0,0,0,0,00,0
14456567,1038409,112,17,0,8,3,0,1,1,1,7,0,3,0,0,4,0,0,0,0,25,1
14456568,1038409,15,17,30,12,9,1,0,6,1,11,'0.5',2,1,'0.5882353',17,10,'0.75',12,9,36,1
14456569,1038409,283,17,11,7,3,5,0,2,2,5,'0.25',4,1,'0.4444444',9,4,1,2,2,32,2
14456570,1038409,38,17,20,2,1,0,0,1,0,2,'0.8571429',7,6,'0.7777778',9,7,0,0,0,32,3
14456571,1038409,278,17,24,7,9,0,2,5,0,7,'0.5',8,4,'0.5333334',15,8,1,4,4,36,4
14456572,1038409,2148,17,2,0,0,0,0,0,0,0,0,0,0,1,1,1,0,0,0,03,0
14456573,1038409,38017676,17,0,0,0,0,0,0,0,0,0,0,0,0,0,0,0,0,0,04,0
14456574,1038409,45,17,3,0,2,0,1,0,0,0,'0.2',5,1,'0.2',5,1,0,0,0,18,0
14456575,1038409,105,17,7,5,1,2,0,1,2,3,'0.5',2,1,'0.75',4,3,0,0,0,22,0
14456576,1038409,167,17,0,0,3,0,0,0,0,0,0,1,0,0,2,0,0,0,0,09,0
14456577,1038409,38017733,17,3,0,0,0,0,0,0,0,1,1,1,1,1,1,0,0,0,03,0
14456578,1038409,56677852,17,2,1,0,0,1,0,0,1,0,0,0,1,1,1,0,0,0,01,0
14456579,1038409,377,17,17,5,1,2,1,2,1,4,'0.75',4,3,'0.6363636',11,7,0,0,0,19,2
14456580,1038409,56677854,17,0,0,0,0,0,0,0,0,0,0,0,0,0,0,0,0,0,00,0
14456581,1038409,315,17,0,0,0,0,0,0,0,0,0,0,0,0,0,0,0,0,0,00,0
14456582,1038409,38017712,17,0,0,0,0,0,0,0,0,0,0,0,0,0,0,0,0,0,00,0
14456583,1038409,38017691,17,0,0,0,0,0,0,0,0,0,0,0,0,0,0,0,0,0,00,0
14457094,1038410,351,24,20,9,4,1,2,0,0,9,'0.6',10,6,'0.583',12,7,NULL,0,0,37,2
14457095,1038410,140,24,22,5,7,2,0,3,1,4,'0.25',8,2,'0.35',20,7,1,6,6,39,2
14457096,1038410,349,24,18,22,7,1,1,3,7,15,0,0,0,'0.5833333',12,7,'0.8',5,4,37,2
14457097,1038410,8,24,24,2,0,1,1,2,1,1,'0.5',12,6,'0.4705882',17,8,1,2,2,39,1
14457098,1038410,57,24,21,3,9,0,1,3,1,2,'0.25',4,1,'0.4444444',18,8,1,4,4,38,2
14457099,1038410,666451,24,11,4,1,2,0,0,1,3,'0.25',4,1,'0.5555556',9,5,0,0,0,24,1
14457100,1038410,147,24,2,1,1,2,1,0,1,0,0,0,0,'0.5',2,1,0,0,0,10,1
14457101,1038410,3547298,24,5,3,2,0,0,0,1,2,'0.5',2,1,'0.3333333',3,1,1,2,2,09,0
14457102,1038410,666729,24,0,0,0,0,0,0,0,0,0,0,0,0,0,0,0,0,0,01,0
14457103,1038410,3547253,24,0,0,0,0,0,0,0,0,0,0,0,0,0,0,0,0,0,00,0
14457104,1038410,356,24,0,0,1,0,0,1,0,0,0,0,0,0,0,0,0,0,0,05,1
14457105,1038410,38017729,24,0,1,0,0,0,0,0,1,0,0,0,0,0,0,0,0,0,01,0
14457106,1038410,489,24,0,0,0,0,0,0,0,0,0,0,0,0,0,0,0,0,0,00,0
14457107,1038410,3547095,24,0,0,0,0,0,0,0,0,0,0,0,0,0,0,0,0,0,00,0
14457108,1038410,37,24,0,0,0,0,0,0,0,0,0,0,0,0,0,0,0,0,0,00,0
14457109,1038410,178,24,0,0,0,0,0,0,0,0,0,0,0,0,0,0,0,0,0,00,0
14457110,1038410,272,24,0,0,0,0,0,0,0,0,0,0,0,0,0,0,0,0,0,00,0
14457111,1038410,666609,14,13,4,0,0,0,0,0,4,1,2,2,'0.5555556',9,5,1,1,1,26,2
14457112,1038410,237,14,28,7,12,1,2,3,1,6,'0.5',6,3,'0.6315789',19,12,'0.25',4,1,37,3
14457113,1038410,117,14,22,14,0,2,3,3,2,12,0,0,0,'0.6470588',17,11,0,0,0,42,3
14457114,1038410,17553995,14,14,4,4,0,1,2,0,4,'0.2857143',7,2,'0.4166667',12,5,1,2,2,35,1
14457115,1038410,405,14,20,3,7,1,1,2,0,3,'0.5',8,4,'0.5714286',14,8,0,1,0,37,2
14457116,1038410,38017697,14,3,0,1,0,0,0,0,0,'0.5',2,1,'0.5',2,1,0,0,0,05,0
14457117,1038410,130,14,3,0,2,0,0,0,0,0,'0.25',4,1,'0.2',5,1,0,0,0,23,2
14457118,1038410,666626,14,2,0,0,0,0,0,0,0,0,0,0,'0.5',2,1,0,0,0,06,1
14457119,1038410,3547289,14,0,1,0,0,0,0,0,1,0,0,0,0,0,0,0,0,0,01,0
14457120,1038410,383,14,8,1,1,0,0,0,0,1,'0.3333333',6,2,'0.3',10,3,0,0,0,27,0
14457121,1038410,666860,14,0,0,0,0,0,0,0,0,0,0,0,0,0,0,0,0,0,00,0
14457122,1038410,666971,14,0,0,1,0,0,0,0,0,0,0,0,0,0,0,0,0,0,01,0
14457123,1038410,56677738,14,0,0,0,0,0,0,0,0,0,0,0,0,0,0,0,0,0,00,0
14457124,1038410,56677835,14,0,0,0,0,0,0,0,0,0,0,0,0,0,0,0,0,0,00,0
14457125,1038410,56677836,14,0,0,0,0,0,0,0,0,0,0,0,0,0,0,0,0,0,00,0
14457126,1038410,457,14,0,0,0,0,0,0,0,0,0,0,0,0,0,0,0,0,0,00,0
14457127,1038410,1603383,14,0,0,0,0,0,0,0,0,0,0,0,0,0,0,0,0,0,00,0
14457128,1038410,486,14,0,0,0,0,0,0,0,0,0,0,0,0,0,0,0,0,0,00,0
14457409,1038411,38017686,12,14,11,5,0,3,2,2,9,'0.4285714',7,3,'0.3571429',14,5,1,1,1,33,4
14457445,1038411,416,12,12,9,2,0,2,0,0,9,0,2,0,'0.4545455',11,5,1,2,2,29,1
14457446,1038411,452,12,33,8,1,0,0,4,2,6,'0.2857143',7,2,'0.6666667',15,10,'0.9166667',12,11,30,2
14457447,1038411,38017507,12,15,3,2,0,1,0,1,2,1,1,1,'0.875',8,7,0,0,0,33,1
14457448,1038411,3547245,12,17,3,10,0,4,1,0,3,'0.2',5,1,'0.5333334',15,8,0,0,0,31,0
14457449,1038411,38017701,12,0,0,0,0,0,0,0,0,0,0,0,0,0,0,0,0,0,00,0
14457450,1038411,17896035,12,2,1,0,0,0,1,0,1,0,0,0,1,1,1,0,0,0,03,0
14457451,1038411,242,12,0,0,0,0,0,0,0,0,0,0,0,0,0,0,0,0,0,00,0
14457452,1038411,304,12,12,0,7,0,0,1,0,0,0,0,0,'0.6',10,6,0,0,0,19,1
14457453,1038411,305,12,3,2,1,0,0,0,0,2,0,1,0,'0.5',2,1,'0.5',2,1,12,0
14457454,1038411,56677861,12,15,1,4,0,2,0,0,1,1,5,5,'0.8333333',6,5,0,0,0,13,3
14457455,1038411,3547264,12,2,6,2,0,0,1,1,5,0,4,0,'0.1666667',6,1,0,0,0,15,3
14457456,1038411,3547243,12,8,2,4,0,0,2,0,2,'0.5',4,2,'0.6',5,3,0,0,0,19,1
14457457,1038411,56677778,12,0,0,0,0,0,0,0,0,0,0,0,0,0,0,0,0,0,00,0
14457458,1038411,56677832,12,0,0,0,0,0,0,0,0,0,0,0,0,0,0,0,0,0,03,0
14457459,1038411,3547250,12,0,0,0,0,0,0,0,0,0,0,0,0,0,0,0,0,0,00,0
14457460,1038411,56677794,12,0,0,0,0,0,0,0,0,0,0,0,0,0,0,0,0,0,00,0
14457461,1038411,3547258,7,14,5,1,0,2,2,2,3,'0.6666667',3,2,'0.75',8,6,0,0,0,32,1
14457462,1038411,666950,7,2,6,1,0,2,4,0,6,0,3,0,'0.1666667',6,1,0,0,0,31,3
14457463,1038411,56677840,7,4,3,0,0,4,0,1,2,0,0,0,'0.6666667',3,2,0,1,0,14,3
14457464,1038411,132,7,33,6,6,2,1,3,1,5,'0.5',8,4,'0.4761905',21,10,'0.75',12,9,33,4
14457465,1038411,228,7,29,6,2,0,0,1,0,6,'0.4285714',7,3,'0.4545455',22,10,1,6,6,32,0
14457466,1038411,666577,7,8,5,0,1,0,0,3,2,0,0,0,'0.6666667',6,4,0,2,0,19,2
14457467,1038411,191,7,11,3,1,1,0,4,0,3,'0.5',6,3,'0.3333333',12,4,0,0,0,23,0
14457468,1038411,38017679,7,7,0,1,0,0,0,0,0,'0.5',2,1,'0.5',6,3,0,0,0,08,0
14457469,1038411,247,7,0,3,0,0,0,1,1,2,0,0,0,0,0,0,0,0,0,15,0
14457470,1038411,257,7,3,1,1,0,0,0,0,1,'0.5',2,1,'0.3333333',3,1,0,0,0,25,0
14457471,1038411,329,7,0,0,0,0,0,0,0,0,0,0,0,0,0,0,0,0,0,04,0
14457472,1038411,379,7,0,0,2,0,0,0,0,0,0,0,0,0,0,0,0,0,0,04,0
14457473,1038411,17896028,7,0,0,0,0,0,0,0,0,0,0,0,0,0,0,0,0,0,00,0
14457474,1038411,151,7,0,0,0,0,0,0,0,0,0,0,0,0,0,0,0,0,0,00,0
14457475,1038411,17554004,7,0,0,0,0,0,0,0,0,0,0,0,0,0,0,0,0,0,00,0
14457476,1038411,56677859,7,0,0,0,0,0,0,0,0,0,0,0,0,0,0,0,0,0,00,0
14457477,1038411,24489167,7,0,0,0,0,0,0,0,0,0,0,0,0,0,0,0,0,0,00,0
14457892,1038412,56677844,30,3,1,1,0,0,1,0,1,0,0,0,1,1,1,'0.5',2,1,06,2
14457893,1038412,265,30,27,7,5,1,1,2,0,7,'0.2',10,2,'0.4166667',24,10,'0.7142857',7,5,39,0
14457894,1038412,24,30,9,9,2,1,0,1,2,7,0,2,0,'0.4',10,4,'0.3333333',3,1,33,1
14457895,1038412,414,30,15,5,2,0,3,0,1,4,'0.375',8,3,'0.4',15,6,NULL,0,0,37,2
14457896,1038412,249,30,3,1,11,0,1,1,0,1,1,1,1,'0.25',4,1,NULL,0,0,35,1
14457897,1038412,38017704,30,2,3,1,0,0,0,0,3,0,1,0,'0.5',2,1,0,0,0,09,1
14457898,1038412,18677954,30,2,0,2,0,0,0,0,0,0,3,0,'0.25',4,1,0,0,0,12,2
14457899,1038412,17896039,30,0,0,0,0,0,0,0,0,0,0,0,0,0,0,0,0,0,00,0
14457900,1038412,38017687,30,2,2,0,0,0,0,0,2,0,2,0,'0.3333333',3,1,0,0,0,16,5
14457901,1038412,3547302,30,0,0,0,0,0,0,0,0,0,0,0,0,0,0,0,0,0,00,0
14457902,1038412,217,30,11,7,0,0,0,2,1,6,0,0,0,'0.6666667',6,4,1,3,3,15,2
14457903,1038412,17896045,30,0,0,0,0,0,0,0,0,0,0,0,0,0,0,0,0,0,00,0
14457904,1038412,17896106,30,0,0,0,0,0,0,0,0,0,0,0,0,0,0,0,0,0,00,0
14457905,1038412,666848,30,31,5,5,0,1,2,0,5,'0.4615385',13,6,'0.5238096',21,11,1,3,3,38,6
14457906,1038412,3547242,30,0,0,0,0,0,0,0,0,0,0,0,0,0,0,0,0,0,00,0
14457907,1038412,64267203,30,0,0,0,0,0,0,0,0,0,0,0,0,0,0,0,0,0,00,0
14457908,1038412,17896071,30,0,0,0,0,0,0,0,0,0,0,0,0,0,0,0,0,0,00,0
14457909,1038412,666908,6,3,3,5,0,0,2,0,3,0,3,0,0,3,0,'0.75',4,3,27,0
14457910,1038412,17896076,6,21,6,1,5,1,1,2,4,0,0,0,'0.8181818',11,9,'0.5',6,3,29,4
14457911,1038412,9,6,22,12,5,1,0,1,2,10,0,0,0,'0.6111111',18,11,0,2,0,37,3
14457912,1038412,322,6,16,4,5,0,1,3,0,4,'0.5',6,3,'0.4',10,4,1,5,5,36,5
14457913,1038412,666581,6,17,2,7,0,1,3,0,2,'0.3333333',9,3,'0.4',15,6,1,2,2,33,2
14457914,1038412,248,6,0,0,0,0,0,0,0,0,0,0,0,0,0,0,0,0,0,00,0
14457915,1038412,277,6,18,12,8,0,0,0,2,10,'0.3333333',3,1,'0.6',10,6,'0.8333333',6,5,28,2
14457916,1038412,3547299,6,2,2,1,0,0,0,0,2,0,2,0,'0.3333333',3,1,0,0,0,06,0
14457917,1038412,344,6,8,4,0,0,1,0,0,4,'0.5',4,2,'0.5',6,3,0,0,0,17,0
14457918,1038412,3547247,6,7,1,2,0,2,0,0,1,'0.25',4,1,'0.3333333',6,2,1,2,2,19,0
14457919,1038412,56677872,6,0,0,0,0,0,0,0,0,0,0,0,0,0,0,0,0,0,00,0
14457920,1038412,666940,6,0,1,1,0,0,0,0,1,0,1,0,0,1,0,0,0,0,08,0
14457921,1038412,56677847,6,0,0,0,0,0,0,0,0,0,0,0,0,0,0,0,0,0,00,0
14457922,1038412,666676,6,0,0,0,0,0,0,0,0,0,0,0,0,0,0,0,0,0,00,0
14457923,1038412,38017662,6,0,0,0,0,0,0,0,0,0,0,0,0,0,0,0,0,0,00,0
14457924,1038412,64270026,6,0,0,0,0,0,0,0,0,0,0,0,0,0,0,0,0,0,00,0
14457925,1038412,444,6,0,0,0,0,0,0,0,0,0,0,0,0,0,0,0,0,0,00,0
14458301,1038414,66,11,13,2,2,0,0,1,1,1,'0.8',5,4,'0.4',10,4,'0.5',2,1,33,2
14458302,1038414,38017684,11,20,17,4,0,1,1,4,13,'0.4444444',9,4,'0.4',15,6,1,4,4,41,1
14458303,1038414,17896062,11,19,12,2,1,1,6,5,7,'0.3333333',3,1,'0.5',12,6,'0.8571429',7,6,30,4
14458304,1038414,17895966,11,11,7,4,2,0,2,1,6,'0.2',5,1,'0.3846154',13,5,0,0,0,32,1
14458305,1038414,458,11,20,3,3,0,1,4,1,2,'0.4',10,4,'0.4375',16,7,1,2,2,38,2
14458306,1038414,75,11,0,0,0,0,0,0,0,0,0,0,0,0,0,0,0,0,0,00,0
14458307,1038414,188,11,2,0,1,0,0,0,0,0,0,2,0,'0.3333333',3,1,0,0,0,16,0
14458308,1038414,213,11,7,0,1,0,0,1,0,0,1,1,1,'0.6',5,3,0,0,0,11,0
14458309,1038414,19465326,11,0,0,0,0,0,0,0,0,0,0,0,0,0,0,0,0,0,01,0
14458310,1038414,296,11,0,0,0,0,0,0,0,0,0,0,0,0,0,0,0,0,0,00,0
14458311,1038414,3547301,11,0,0,0,0,0,0,0,0,0,0,0,0,0,0,0,0,0,00,0
14458312,1038414,56677825,11,6,6,1,3,2,1,1,5,0,2,0,'0.2',10,2,'0.5',4,2,21,3
14458313,1038414,56677831,11,12,3,0,1,1,2,0,3,'0.25',4,1,'0.4444444',9,4,'0.75',4,3,17,3
14458314,1038414,3,11,0,0,0,0,0,0,0,0,0,0,0,0,0,0,0,0,0,00,0
14458315,1038414,38017695,11,0,0,0,0,0,0,0,0,0,0,0,0,0,0,0,0,0,00,0
14458316,1038414,3547281,11,0,0,0,0,0,0,0,0,0,0,0,0,0,0,0,0,0,00,0
14458317,1038414,56677809,11,0,0,0,0,0,0,0,0,0,0,0,0,0,0,0,0,0,00,0
14458318,1038414,47738533,11,0,0,0,0,0,0,0,0,0,0,0,0,0,0,0,0,0,00,0
14458319,1038414,666541,21,16,5,2,0,1,0,0,5,'0.6666667',6,4,'0.5555556',9,5,1,2,2,32,4
14458320,1038414,38017703,21,22,4,5,0,0,0,0,4,'0.3333333',6,2,'0.4090909',22,9,1,2,2,36,4
14458321,1038414,38017685,21,29,8,7,3,1,2,2,6,'0.625',8,5,'0.6875',16,11,1,2,2,33,3
14458322,1038414,17896065,21,2,9,5,1,3,1,3,6,0,0,0,'0.2',5,1,0,0,0,23,5
14458323,1038414,175,21,36,5,7,1,3,4,0,5,'0.6666667',3,2,'0.5652174',23,13,'0.8888889',9,8,37,2
14458324,1038414,48,21,0,0,0,0,0,0,0,0,0,0,0,0,0,0,0,0,0,00,0
14458325,1038414,204,21,0,4,2,0,0,1,2,2,0,0,0,0,3,0,0,0,0,12,0
14458326,1038414,3547272,21,5,3,0,0,3,1,0,3,'0.3333333',3,1,'0.4',5,2,0,0,0,17,3
14458327,1038414,56677833,21,6,2,1,2,0,0,1,1,'0.4',5,2,'0.2857143',7,2,0,0,0,18,0
14458328,1038414,27924547,21,0,0,0,0,0,0,0,0,0,0,0,0,0,0,0,0,0,00,0
14458329,1038414,17896078,21,0,2,0,1,1,0,1,1,0,1,0,0,2,0,0,0,0,15,0
14458330,1038414,38017706,21,5,5,1,0,0,0,1,4,'0.3333333',3,1,'0.5',4,2,0,0,0,12,0
14458331,1038414,480,21,2,1,0,0,0,0,0,1,0,0,0,1,1,1,0,0,0,05,1
14458332,1038414,38017716,21,0,0,0,0,0,0,0,0,0,0,0,0,0,0,0,0,0,00,0
14458333,1038414,436846673,21,0,0,0,0,0,0,0,0,0,0,0,0,0,0,0,0,0,00,0
14458334,1038414,56677853,21,0,0,0,0,0,0,0,0,0,0,0,0,0,0,0,0,0,00,0
14458335,1038414,24572055,21,0,0,0,0,0,0,0,0,0,0,0,0,0,0,0,0,0,00,0
14458336,1038416,475,10,14,4,4,1,0,0,0,4,'0.5',4,2,'0.5',10,5,1,2,2,30,2
14458337,1038416,17553979,10,19,6,3,0,0,1,1,5,0,1,0,'0.5',10,5,'0.6923077',13,9,25,1
14458338,1038416,185,10,7,5,4,0,1,6,0,5,1,1,1,'0.5',6,3,0,0,0,27,1
14458339,1038416,56677858,10,4,6,4,0,1,2,2,4,0,1,0,'0.3333333',6,2,0,0,0,30,0
14458340,1038416,115,10,20,1,4,0,0,3,0,1,'0.1',10,1,'0.3157895',19,6,'0.875',8,7,32,2
14458341,1038416,17896070,10,0,1,0,0,0,0,1,0,0,0,0,0,0,0,0,0,0,02,1
14458342,1038416,56677799,10,6,2,1,2,1,1,1,1,0,0,0,'0.75',4,3,0,2,0,12,2
14458343,1038416,282,10,0,3,2,0,0,0,1,2,0,0,0,0,1,0,0,0,0,10,3
14458344,1038416,17553992,10,0,0,0,0,0,0,0,0,0,1,0,0,1,0,0,0,0,02,0
14458345,1038416,2189,10,0,5,1,0,2,0,3,2,0,0,0,0,1,0,0,0,0,14,1
14458346,1038416,45658838,10,6,3,1,0,0,1,2,1,1,2,2,'0.5',4,2,0,0,0,14,1
14458347,1038416,407,10,4,4,2,0,0,1,0,4,0,1,0,'0.5',4,2,0,0,0,09,0
14458348,1038416,795959473,10,0,0,0,0,0,0,0,0,0,0,0,0,0,0,0,0,0,02,0
14458349,1038416,443,10,23,2,1,0,0,2,0,2,'0.3846154',13,5,'0.4666667',15,7,1,4,4,31,4
14458350,1038416,367,10,0,0,0,0,0,0,0,0,0,0,0,0,0,0,0,0,0,00,0
14458351,1038416,398,10,0,0,0,0,0,0,0,0,0,0,0,0,0,0,0,0,0,00,0
14458352,1038416,57875092,10,0,0,0,0,0,0,0,0,0,0,0,0,0,0,0,0,0,00,0
14458353,1038416,375,8,9,7,1,0,1,0,0,7,'0.1666667',6,1,'0.2727273',11,3,1,2,2,32,1
14458354,1038416,177,8,17,6,2,1,3,2,2,4,0,3,0,'0.7',10,7,'0.6',5,3,33,4
14458355,1038416,246,8,32,16,16,1,4,2,2,14,'0.3333333',6,2,'0.5416667',24,13,1,4,4,37,3
14458356,1038416,81,8,13,2,3,0,1,0,1,1,'0.5',4,2,'0.5555556',9,5,1,1,1,35,1
14458357,1038416,335,8,27,4,3,1,0,4,1,3,'0.6',5,3,'0.5625',16,9,1,6,6,36,3
14458358,1038416,38017709,8,7,3,0,1,1,0,2,1,'0.5',2,1,'0.4285714',7,3,0,0,0,20,1
14458359,1038416,215,8,0,0,0,0,0,0,0,0,0,1,0,0,1,0,0,0,0,02,0
14458360,1038416,17896103,8,2,2,0,0,0,0,1,1,0,0,0,0,0,0,1,2,2,01,0
14458361,1038416,236,8,3,0,2,0,0,1,0,0,'0.5',2,1,'0.5',2,1,0,0,0,16,4
14458362,1038416,250,8,0,0,0,0,0,0,0,0,0,0,0,0,0,0,0,0,0,00,0
14458363,1038416,17896007,8,0,1,0,0,0,0,0,1,0,0,0,0,1,0,0,0,0,02,0
14458364,1038416,3547268,8,6,3,1,1,0,0,3,0,0,0,0,'0.3333333',3,1,1,4,4,12,2
14458365,1038416,56677582,8,0,0,0,0,0,0,0,0,0,0,0,0,0,0,0,0,0,01,0
14458366,1038416,56677776,8,0,0,0,0,0,0,0,0,0,0,0,0,0,0,0,0,0,02,0
14458367,1038416,38017721,8,3,1,1,0,0,1,0,1,'0.3333333',3,1,'0.25',4,1,0,2,0,11,1
14458368,1038416,666489,8,0,0,0,0,0,0,0,0,0,0,0,0,0,0,0,0,0,00,0
14458369,1038416,38017727,8,0,0,0,0,0,0,0,0,0,0,0,0,0,0,0,0,0,00,0
14458370,1038416,56677871,8,0,0,0,0,0,0,0,0,0,0,0,0,0,0,0,0,0,00,0
14458371,1038413,3547256,1,12,2,1,0,1,2,1,1,'0.4',5,2,'0.4545455',11,5,0,0,0,34,1
14458372,1038413,17896040,1,21,10,7,2,1,0,2,8,'0.4',5,2,'0.4736842',19,9,1,1,1,39,3
14458373,1038413,83,1,4,7,0,0,0,1,4,3,0,0,0,'0.25',8,2,0,0,0,17,2
14458374,1038413,53,1,17,5,3,0,1,1,0,5,'0.6',5,3,'0.4545455',11,5,1,4,4,36,2
14458375,1038413,334,1,25,9,11,0,2,3,1,8,'0.4',5,2,'0.55',20,11,'0.5',2,1,39,1
14458376,1038413,56677838,1,2,1,3,1,1,1,0,1,0,2,0,'0.25',4,1,0,0,0,11,1
14458377,1038413,666564,1,7,1,4,0,2,0,0,1,0,0,0,'0.4',5,2,'0.75',4,3,19,2
14458378,1038413,666656,1,18,7,2,0,2,1,1,6,'0.6666667',3,2,'0.625',8,5,1,6,6,28,3
14458379,1038413,666754,1,3,2,0,0,0,0,0,2,'0.25',4,1,'0.25',4,1,0,0,0,17,2
14458380,1038413,301,1,0,0,0,0,0,0,0,0,0,0,0,0,0,0,0,0,0,00,0
14458381,1038413,319,1,0,0,0,0,0,0,0,0,0,0,0,0,0,0,0,0,0,00,0
14458382,1038413,3547244,1,0,0,0,0,0,0,0,0,0,0,0,0,0,0,0,0,0,00,0
14458383,1038413,3547297,1,0,0,0,0,0,0,0,0,0,0,0,0,0,0,0,0,0,00,0
14458384,1038413,38017689,1,0,0,0,0,0,0,0,0,0,0,0,0,0,0,0,0,0,00,0
14458385,1038413,56677806,1,0,0,0,0,0,0,0,0,0,0,0,0,0,0,0,0,0,00,0
14458386,1038413,4197387,1,0,0,0,0,0,0,0,0,0,0,0,0,0,0,0,0,0,00,0
14458387,1038413,56677855,1,0,0,0,0,0,0,0,0,0,0,0,0,0,0,0,0,0,00,0
14458388,1038413,490,1,0,0,0,0,0,0,0,0,0,0,0,0,0,0,0,0,0,00,0
14458389,1038413,17896026,22,19,8,5,0,1,2,1,7,'0.3333333',6,2,'0.4375',16,7,'0.6',5,3,33,5
14458390,1038413,85,22,18,10,1,1,1,3,4,6,'0.4',5,2,'0.5833333',12,7,'0.5',4,2,34,2
14458391,1038413,666442,22,2,5,2,3,0,1,2,3,0,1,0,'0.2',5,1,0,0,0,19,2
14458392,1038413,17896073,22,14,2,6,1,2,3,0,2,'0.5',4,2,'0.6',10,6,NULL,0,0,28,3
14458393,1038413,56677827,22,4,8,1,0,0,3,2,6,'0.333',3,1,'0.143',7,1,'0.5',2,1,27,1
14458394,1038413,3547251,22,15,3,3,2,1,3,0,3,'0.3333333',6,2,'0.375',16,6,'0.3333333',3,1,30,4
14458395,1038413,165,22,3,4,1,1,0,1,3,1,0,1,0,'0.2',5,1,'0.5',2,1,12,0
14458396,1038413,38017724,22,12,2,0,0,0,0,0,2,'0.4444444',9,4,'0.4444444',9,4,0,0,0,21,1
14458397,1038413,226,22,3,2,3,0,1,0,1,1,'0.5',2,1,'0.5',2,1,0,0,0,19,0
14458398,1038413,229,22,0,1,0,0,0,0,0,1,0,0,0,0,0,0,0,2,0,02,0
14458399,1038413,666818,22,0,1,0,0,0,0,0,1,0,0,0,0,0,0,0,0,0,02,0
14458400,1038413,462,22,2,5,1,1,1,2,1,4,0,1,0,'0.5',2,1,0,0,0,13,1
14458401,1038413,38017683,22,0,0,0,0,0,0,0,0,0,0,0,0,0,0,0,0,0,00,0
14458402,1038413,196,22,0,0,0,0,0,0,0,0,0,0,0,0,0,0,0,0,0,00,0
14458403,1038413,38017607,22,0,0,0,0,0,0,0,0,0,0,0,0,0,0,0,0,0,00,0
14458404,1038413,56677839,22,0,0,0,0,0,0,0,0,0,0,0,0,0,0,0,0,0,00,0
14458405,1038413,17553983,22,0,0,0,0,0,0,0,0,0,0,0,0,0,0,0,0,0,00,0
14458406,1038413,666885,22,0,0,0,0,0,0,0,0,0,0,0,0,0,0,0,0,0,00,0
14458475,1038415,227,19,22,3,6,1,3,9,0,3,'0.3333333',6,2,'0.4375',16,7,'0.75',8,6,39,1
14458476,1038415,666969,19,19,8,11,2,0,3,1,7,0,0,0,'0.6',15,9,'0.5',2,1,33,2
14458477,1038415,455,19,14,17,0,1,0,0,7,10,0,3,0,'0.4666667',15,7,0,0,0,28,2
14458478,1038415,18677986,19,9,10,2,1,1,0,0,10,'0.3333333',9,3,'0.2727273',11,3,0,0,0,37,1
14458479,1038415,17896024,19,15,3,6,1,0,0,2,1,'0.6666667',6,4,'0.5',10,5,'0.5',2,1,39,4
14458480,1038415,17896097,19,0,0,0,0,0,0,0,0,0,0,0,0,0,0,0,0,0,00,0
14458481,1038415,17896092,19,0,0,0,0,0,0,0,0,0,0,0,0,0,0,0,0,0,00,0
14458482,1038415,56677837,19,8,1,0,0,0,1,0,1,'0.4',5,2,'0.4285714',7,3,0,0,0,15,1
14458483,1038415,24102469,19,0,0,0,0,0,0,0,0,0,0,0,0,0,0,0,0,0,00,0
14458484,1038415,38017663,19,0,0,0,0,0,0,0,0,0,0,0,0,0,0,0,0,0,00,0
14458485,1038415,3547293,19,0,0,0,0,0,0,0,0,0,0,0,0,0,0,0,0,0,00,0
14458486,1038415,340,19,2,3,0,0,0,4,2,1,0,1,0,0,2,0,1,2,2,19,2
14458487,1038415,17896021,19,3,0,0,1,1,1,0,0,'0.5',2,1,'0.5',2,1,0,0,0,11,1
14458488,1038415,17896017,19,14,4,0,0,0,1,0,4,'0.4444444',9,4,'0.5',10,5,0,0,0,19,3
14458489,1038415,491,19,0,0,0,0,0,0,0,0,0,0,0,0,0,0,0,0,0,00,0
14458490,1038415,38017677,19,0,0,0,0,0,0,0,0,0,0,0,0,0,0,0,0,0,00,0
14458491,1038415,303,19,0,0,0,0,0,0,0,0,0,0,0,0,0,0,0,0,0,00,0
14458492,1038415,38017726,19,0,0,0,0,0,0,0,0,0,0,0,0,0,0,0,0,0,00,0
14458493,1038415,125,5,24,6,7,0,0,2,1,5,'0.5',4,2,'0.4615385',13,6,'0.8333333',12,10,40,1
14458494,1038415,89,5,12,3,2,0,2,0,1,2,'0.2222222',9,2,'0.3846154',13,5,0,0,0,32,2
14458495,1038415,460,5,22,13,3,0,1,3,5,8,'0.4',5,2,'0.5263158',19,10,0,0,0,34,3
14458496,1038415,17895983,5,21,3,8,0,3,1,1,2,'0.5',6,3,'0.5333334',15,8,1,2,2,39,1
14458497,1038415,666956,5,16,7,3,0,2,1,1,6,'0.2222222',9,2,'0.2777778',18,5,1,4,4,37,2
14458498,1038415,56677874,5,0,0,0,0,0,0,0,0,0,0,0,0,0,0,0,0,0,00,0
14458499,1038415,87,5,8,3,2,0,2,1,1,2,'0.3333333',6,2,'0.4285714',7,3,0,0,0,20,0
14458500,1038415,110,5,0,0,0,0,0,0,0,0,0,0,0,0,0,0,0,0,0,00,0
14458501,1038415,137,5,7,8,1,0,0,0,1,7,0,0,0,'0.4',5,2,1,3,3,14,2
14458502,1038415,56677857,5,0,0,0,0,0,0,0,0,0,0,0,0,0,0,0,0,0,02,0
14458503,1038415,17896116,5,2,2,0,0,0,0,0,2,0,0,0,1,1,1,0,0,0,07,0
14458504,1038415,38017719,5,2,4,3,0,2,1,1,3,0,1,0,'0.25',4,1,0,0,0,15,4
14458505,1038415,27,5,0,0,0,0,0,0,0,0,0,0,0,0,0,0,0,0,0,00,0
14458506,1038415,64268019,5,0,0,0,0,0,0,0,0,0,0,0,0,0,0,0,0,0,00,0
14458507,1038415,907726640,5,0,0,0,0,0,0,0,0,0,0,0,0,0,0,0,0,0,00,0
14458508,1038415,268,5,0,0,0,0,0,0,0,0,0,0,0,0,0,0,0,0,0,00,0
14458509,1038415,56677860,5,0,0,0,0,0,0,0,0,0,0,0,0,0,0,0,0,0,00,0
14458510,1038415,3547248,5,0,0,0,0,0,0,0,0,0,0,0,0,0,0,0,0,0,00,0
14459599,1038417,297,29,26,7,4,1,2,1,1,6,'0.625',8,5,'0.556',18,10,1,1,1,32,0
14459600,1038417,56677824,29,9,3,0,1,0,0,1,2,'0.2',5,1,'0.5',8,4,NULL,0,0,26,6
14459601,1038417,101,29,20,8,1,2,2,1,0,8,'0.5',6,3,'0.545',11,6,1,5,5,27,1
14459602,1038417,413,29,16,2,10,0,4,4,1,1,NULL,0,0,'0.444',9,4,1,8,8,27,4
14459603,1038417,56677834,29,7,3,6,1,1,3,0,3,'0.25',4,1,'0.231',13,3,NULL,0,0,30,0
14459604,1038417,100,29,22,2,10,0,0,1,0,2,'0.5',8,4,'0.471',17,8,1,2,2,33,0
14459605,1038417,139,29,8,2,1,0,4,3,0,2,1,1,1,1,3,3,'0.5',2,1,20,1
14459606,1038417,666650,29,0,0,0,0,0,0,0,0,0,0,0,0,0,0,0,0,0,00,0
14459607,1038417,38017630,29,0,0,0,0,0,0,0,0,0,1,0,0,1,0,0,0,0,02,1
14459608,1038417,38017705,29,10,6,2,3,0,2,1,5,0,0,0,'0.8',5,4,'0.5',4,2,19,3
14459609,1038417,3547260,29,2,1,1,0,0,0,1,0,0,0,0,1,1,1,0,0,0,03,0
14459610,1038417,666881,29,0,0,0,0,0,1,0,0,0,0,0,0,0,0,0,0,0,03,0
14459611,1038417,56677842,29,5,3,1,0,0,1,0,3,1,1,1,'0.667',3,2,NULL,0,0,16,0
14459612,1038417,11891374,29,3,1,0,0,0,0,0,1,1,1,1,1,1,1,0,0,0,02,1
14459613,1038417,376,29,0,0,0,0,0,0,0,0,0,0,0,0,0,0,0,0,0,00,0
14459614,1038417,19465584,29,0,0,0,0,0,0,0,0,0,0,0,0,0,0,0,0,0,00,0
14459615,1038417,17896042,29,0,0,0,0,0,0,0,0,0,0,0,0,0,0,0,0,0,00,0
14459616,1038417,38017649,27,2,6,4,1,2,1,2,4,0,4,0,'0.167',6,1,NULL,0,0,20,2
14459617,1038417,38017699,27,1,4,3,1,1,0,0,4,0,1,0,0,5,0,'0.5',2,1,29,2
14459618,1038417,56677822,27,22,10,2,5,1,4,2,8,'0.333',3,1,'0.529',17,9,'0.75',4,3,27,1
14459619,1038417,3547246,27,27,9,5,3,0,6,3,6,'0.5',8,4,'0.526',19,10,'0.75',4,3,34,1
14459620,1038417,3547274,27,15,3,9,0,1,3,0,3,'0.75',4,3,'0.833',6,5,1,2,2,30,3
14459621,1038417,38017692,27,14,2,2,0,0,0,0,2,'0.333',6,2,'0.417',12,5,1,2,2,28,2
14459622,1038417,102,27,17,8,3,1,1,2,2,6,'0.667',3,2,'0.412',17,7,'0.2',5,1,21,2
14459623,1038417,180,27,0,0,0,0,0,0,0,0,0,0,0,0,0,0,0,0,0,00,0
14459624,1038417,666682,27,0,0,0,0,0,0,0,0,0,0,0,0,0,0,0,0,0,04,1
14459625,1038417,17896059,27,8,1,1,0,2,0,1,0,NULL,0,0,'0.8',5,4,NULL,0,0,14,2
14459626,1038417,359,27,3,1,0,0,0,4,0,1,'0.5',2,1,'0.5',2,1,0,0,0,15,1
14459627,1038417,38017693,27,0,2,5,0,0,0,0,2,NULL,0,0,0,2,0,NULL,0,0,18,0
14459628,1038417,38017730,27,0,0,0,0,0,0,0,0,0,0,0,0,0,0,0,0,0,00,0
14459629,1038417,17895854,27,0,0,0,0,0,0,0,0,0,0,0,0,0,0,0,0,0,00,0
14459630,1038417,56677817,27,0,0,0,0,0,0,0,0,0,0,0,0,0,0,0,0,0,00,0
14459631,1038417,3547163,27,0,0,0,0,0,0,0,0,0,0,0,0,0,0,0,0,0,00,0
14459632,1038417,17896049,27,0,0,0,0,0,0,0,0,0,0,0,0,0,0,0,0,0,00,0
14459633,1038417,328,27,0,0,0,0,0,0,0,0,0,0,0,0,0,0,0,0,0,00,0
14460797,1038418,56677850,25,0,3,1,0,0,0,2,1,0,3,0,0,4,0,NULL,0,0,18,1
14460798,1038418,182,25,15,2,5,0,2,5,0,2,'0.167',6,1,'0.333',18,6,1,2,2,32,0
14460799,1038418,22,25,26,19,2,1,1,2,3,16,NULL,0,0,'0.688',16,11,1,4,4,37,1
14460800,1038418,56677791,25,6,9,4,0,2,2,6,3,0,4,0,'0.222',9,2,'0.5',4,2,33,4
14460801,1038418,419,25,10,4,0,0,0,4,0,4,0,8,0,'0.19',21,4,1,2,2,35,3
14460802,1038418,17896094,25,7,6,0,0,0,0,4,2,'0.5',2,1,'0.5',6,3,0,2,0,9,0
14460803,1038418,65,25,0,0,0,0,0,0,0,0,0,0,0,0,0,0,0,0,0,00,0
14460804,1038418,3547278,25,3,3,1,0,0,1,3,0,NULL,0,0,'0.25',4,1,'0.5',2,1,11,2
14460805,1038418,47957121,25,0,0,1,0,0,0,0,0,0,1,0,0,1,0,0,0,0,03,0
14460806,1038418,56783340,25,7,1,0,1,0,0,0,1,'0.333',3,1,'0.6',5,3,NULL,0,0,13,3
14460807,1038418,666923,25,0,4,0,2,6,0,0,4,0,2,0,0,3,0,NULL,0,0,31,1
14460808,1038418,38017711,25,6,5,0,0,0,1,4,1,0,3,0,'0.375',8,3,NULL,0,0,18,1
14460809,1038418,39613724,25,0,0,0,0,0,0,0,0,0,0,0,0,0,0,0,0,0,00,0
14460810,1038418,666476,25,0,0,0,0,0,0,0,0,0,0,0,0,0,0,0,0,0,00,0
14460811,1038418,56677747,25,0,0,0,0,0,0,0,0,0,0,0,0,0,0,0,0,0,00,0
14460812,1038418,56677829,25,0,0,0,0,0,0,0,0,0,0,0,0,0,0,0,0,0,00,0
14460813,1038418,38017690,25,0,0,0,0,0,0,0,0,0,0,0,0,0,0,0,0,0,00,0
14460814,1038418,476,25,0,0,0,0,0,0,0,0,0,0,0,0,0,0,0,0,0,00,0
14460815,1038418,56677823,4,17,4,1,0,2,5,0,4,'0.167',6,1,'0.444',18,8,NULL,0,0,38,2
14460816,1038418,62,4,18,10,1,0,1,4,1,9,'0.333',6,2,'0.444',18,8,0,1,0,40,0
14460817,1038418,3547282,4,21,10,0,3,2,0,2,8,NULL,0,0,'0.727',11,8,'0.714',7,5,33,2
14460818,1038418,17896036,4,6,2,3,0,3,0,0,2,'0.333',3,1,'0.286',7,2,1,1,1,25,3
14460819,1038418,666748,4,11,6,10,1,2,2,1,5,'0.333',3,1,'0.5',8,4,1,2,2,31,0
14460820,1038418,44,4,0,0,0,0,0,0,0,0,0,0,0,0,0,0,0,0,0,00,0
14460821,1038418,666453,4,0,0,0,0,0,0,0,0,0,0,0,0,0,0,0,0,0,00,0
14460822,1038418,114,4,0,0,0,0,0,0,0,0,0,0,0,0,0,0,0,0,0,00,0
14460823,1038418,38017708,4,4,4,1,1,0,0,0,4,0,1,0,'0.333',3,1,1,2,2,21,0
14460824,1038418,4197029,4,11,2,7,0,2,0,0,2,'0.5',2,1,'0.833',6,5,NULL,0,0,24,1
14460825,1038418,18678001,4,0,1,0,0,0,0,0,1,0,0,0,0,0,0,0,0,0,05,1
14460826,1038418,666965,4,5,2,1,1,0,3,0,2,'0.333',3,1,'0.25',4,1,'0.5',4,2,24,3
14460827,1038418,56677848,4,0,0,0,0,0,0,0,0,0,0,0,0,0,0,0,0,0,00,0
14460828,1038418,3547239,4,0,0,0,0,0,0,0,0,0,0,0,0,0,0,0,0,0,00,0
14460829,1038418,56677866,4,0,0,0,0,0,0,0,0,0,0,0,0,0,0,0,0,0,00,0
14460830,1038418,64269817,4,0,0,0,0,0,0,0,0,0,0,0,0,0,0,0,0,0,00,0
14460831,1038418,56677846,4,0,0,0,0,0,0,0,0,0,0,0,0,0,0,0,0,0,00,0
14460832,1038418,38017698,4,0,0,0,0,0,0,0,0,0,0,0,0,0,0,0,0,0,00,0
14461472,1038419,666743,13,14,6,4,0,0,2,3,3,'0.5',2,1,'0.857',7,6,1,1,1,39,1
14461473,1038419,274,13,20,8,3,1,4,3,0,8,0,3,0,'0.389',18,7,'0.857',7,6,36,0
14461474,1038419,493,13,16,6,2,0,1,4,1,5,NULL,0,0,'0.889',9,8,NULL,0,0,33,3
14461475,1038419,380,13,21,2,2,0,1,1,1,1,'0.556',9,5,'0.471',17,8,NULL,0,0,37,1
14461476,1038419,192,13,20,5,8,0,0,3,0,5,'0.2',10,2,'0.308',13,4,1,10,10,35,3
14461477,1038419,17896022,13,0,0,0,0,0,0,0,0,0,0,0,0,0,0,0,0,0,01,0
14461478,1038419,666511,13,0,2,1,0,0,0,1,1,NULL,0,0,0,2,0,NULL,0,0,20,2
14461479,1038419,17896031,13,0,0,0,0,0,0,0,0,0,0,0,0,0,0,0,0,0,00,0
14461480,1038419,371,13,0,0,0,0,0,0,0,0,0,0,0,0,0,0,0,0,0,00,0
14461481,1038419,439,13,8,6,1,1,0,1,3,3,0,1,0,'0.8',5,4,NULL,0,0,14,3
14461482,1038419,450,13,0,0,0,0,0,0,0,0,0,0,0,0,1,0,0,0,0,05,0
14461483,1038419,472,13,8,4,2,0,1,1,1,3,0,2,0,'0.3',10,3,1,2,2,18,1
14461484,1038419,56677849,13,0,0,0,0,0,0,0,0,0,0,0,0,0,0,0,0,0,00,0
14461485,1038419,38017725,13,0,0,0,0,0,0,0,0,0,0,0,0,0,0,0,0,0,00,0
14461486,1038419,172,13,0,0,0,0,0,0,0,0,0,0,0,0,0,0,0,0,0,00,0
14461487,1038419,56677856,13,0,0,0,0,0,0,0,0,0,0,0,0,0,0,0,0,0,00,0
14461488,1038419,24417679,13,0,0,0,0,0,0,0,0,0,0,0,0,0,0,0,0,0,00,0
14461489,1038419,17896051,13,0,0,0,0,0,0,0,0,0,0,0,0,0,0,0,0,0,00,0
14461490,1038419,30,26,22,2,1,0,1,1,1,1,'0.571',7,4,'0.667',12,8,'0.667',3,2,36,0
14461491,1038419,38017688,26,11,8,1,1,1,1,2,6,'0.429',7,3,'0.364',11,4,NULL,0,0,37,2
14461492,1038419,406,26,17,15,12,0,3,1,7,8,0,1,0,'0.412',17,7,'0.75',4,3,36,4
14461493,1038419,221,26,15,3,2,0,0,1,0,3,'0.5',6,3,'0.6',10,6,NULL,0,0,25,2
14461494,1038419,161,26,33,6,7,0,3,3,2,4,0,4,0,'0.545',22,12,'0.9',10,9,33,3
14461495,1038419,17896030,26,4,2,0,0,2,0,0,2,'0.333',3,1,'0.333',3,1,1,1,1,16,0
14461496,1038419,17896044,26,0,0,0,0,0,0,0,0,0,0,0,0,0,0,0,0,0,01,0
14461497,1038419,38017714,26,0,0,0,0,0,0,0,0,0,0,0,0,0,0,0,0,0,00,0
14461498,1038419,3547291,26,0,0,0,0,0,0,0,0,0,0,0,0,0,0,0,0,0,00,0
14461499,1038419,290,26,3,3,0,0,0,2,2,1,NULL,0,0,'0.5',2,1,'0.5',2,1,11,1
14461500,1038419,306,26,0,0,0,0,0,0,0,0,0,0,0,0,0,0,0,0,0,00,0
14461501,1038419,17553994,26,6,0,1,0,0,0,0,0,'0.667',3,2,'0.667',3,2,NULL,0,0,18,3
14461502,1038419,324,26,12,2,5,0,0,1,0,2,'0.333',6,2,'0.364',11,4,1,2,2,28,0
14461503,1038419,17895990,26,0,0,0,0,0,0,0,0,0,0,0,0,0,0,0,0,0,00,0
14461504,1038419,56677845,26,0,0,0,0,0,0,0,0,0,0,0,0,0,0,0,0,0,00,0
14461505,1038419,273,26,0,0,0,0,0,0,0,0,0,0,0,0,0,0,0,0,0,00,0
14461506,1038419,56677862,26,0,0,0,0,0,0,0,0,0,0,0,0,0,0,0,0,0,00,0
14461507,1038419,4197162,26,0,0,0,0,0,0,0,0,0,0,0,0,0,0,0,0,0,00,0
14462947,1038421,38017686,12,34,9,5,1,2,2,1,8,'0.625',8,5,'0.7333333',15,11,'0.7777778',9,7,39,4
14462948,1038421,416,12,27,9,6,1,0,1,3,6,'0.375',8,3,'0.5',22,11,1,2,2,37,4
14462949,1038421,452,12,16,11,1,2,0,3,5,6,'0.6666667',3,2,'0.625',8,5,'0.6666667',6,4,26,2
14462950,1038421,38017507,12,11,0,1,0,1,2,0,0,'0.25',4,1,'0.3571429',14,5,0,0,0,27,3
14462951,1038421,3547245,12,9,0,7,0,2,1,0,0,'0.1666667',6,1,'0.1818182',11,2,'0.6666667',6,4,32,0
14462952,1038421,38017701,12,0,0,0,0,0,0,0,0,0,0,0,0,0,0,0,0,0,00,0
14462953,1038421,17896035,12,0,0,0,0,0,0,0,0,0,0,0,0,0,0,0,0,0,00,0
14462954,1038421,242,12,0,0,0,0,0,0,0,0,0,0,0,0,0,0,0,0,0,00,0
14462955,1038421,304,12,10,4,4,0,1,0,1,3,0,0,0,'0.625',8,5,0,0,0,20,1
14462956,1038421,305,12,0,0,0,0,0,0,0,0,0,2,0,0,2,0,0,0,0,05,0
14462957,1038421,56677861,12,2,0,0,0,0,0,0,0,0,3,0,'0.25',4,1,0,0,0,17,2
14462958,1038421,3547264,12,9,5,2,1,0,0,3,2,'0.5',2,1,'0.5714286',7,4,0,0,0,14,0
14462959,1038421,3547243,12,4,3,0,0,2,1,0,3,0,5,0,'0.25',8,2,0,0,0,19,2
14462960,1038421,56677778,12,0,0,0,0,0,0,0,0,0,0,0,0,0,0,0,0,0,00,0
14462961,1038421,56677832,12,0,2,1,0,0,0,0,2,0,1,0,0,1,0,0,0,0,04,1
14462962,1038421,3547250,12,0,0,0,0,0,0,0,0,0,0,0,0,0,0,0,0,0,00,0
14462963,1038421,56677794,12,0,0,0,0,0,0,0,0,0,0,0,0,0,0,0,0,0,00,0
14462964,1038421,666423,28,24,2,5,0,0,2,0,2,'0.6666667',3,2,'0.6875',16,11,0,3,0,33,4
14462965,1038421,17896055,28,21,12,12,5,0,3,3,9,0,3,0,'0.4444444',18,8,1,5,5,38,1
14462966,1038421,373,28,15,10,4,1,0,0,5,5,0,0,0,'0.7',10,7,1,1,1,22,3
14462967,1038421,3089,28,11,5,2,0,0,0,1,4,'0.1666667',6,1,'0.4166667',12,5,0,0,0,30,2
14462968,1038421,3547269,28,19,6,2,1,2,4,0,6,'0.4285714',7,3,'0.5',16,8,0,0,0,35,3
14462969,1038421,38017620,28,13,2,2,0,0,0,0,2,'0.5',2,1,'0.5714286',7,4,1,4,4,20,0
14462970,1038421,58,28,0,0,0,0,0,0,0,0,0,0,0,0,0,0,0,0,0,00,0
14462971,1038421,69,28,2,1,1,0,0,1,0,1,0,1,0,'0.25',4,1,0,0,0,16,1
14462972,1038421,17896091,28,0,0,0,0,0,0,0,0,0,0,0,0,0,0,0,0,0,00,0
14462973,1038421,56677828,28,18,5,2,0,1,0,2,3,1,4,4,'0.7777778',9,7,0,0,0,23,0
14462974,1038421,666762,28,0,0,0,0,0,0,0,0,0,0,0,0,0,0,0,0,0,00,0
14462975,1038421,3547207,28,0,0,0,0,0,0,0,0,0,0,0,0,0,0,0,0,0,00,0
14462976,1038421,358,28,7,2,5,0,1,1,1,1,'0.5',2,1,'0.5',4,2,'0.5',4,2,23,3
14462977,1038421,436,28,0,0,0,0,0,0,0,0,0,0,0,0,0,0,0,0,0,00,0
14462978,1038421,56677805,28,0,0,0,0,0,0,0,0,0,0,0,0,0,0,0,0,0,00,0
14462979,1038421,56677869,28,0,0,0,0,0,0,0,0,0,0,0,0,0,0,0,0,0,00,0
14462980,1038421,2309958,28,0,0,0,0,0,0,0,0,0,0,0,0,0,0,0,0,0,00,0
14463049,1038420,3547249,20,4,11,1,2,2,2,4,7,0,1,0,'0.2857143',7,2,0,0,0,33,3
14463050,1038420,202,20,23,8,6,1,2,1,2,6,'0.6',5,3,'0.4705882',17,8,'0.5714286',7,4,42,2
14463051,1038420,201,20,6,8,4,1,0,1,4,4,0,0,0,'0.4',5,2,1,2,2,27,2
14463052,1038420,73,20,35,1,12,0,2,4,0,1,'0.2727273',11,3,'0.4230769',26,11,'0.9090909',11,10,40,3
14463053,1038420,131,20,21,3,4,0,2,2,0,3,'0.5',10,5,'0.6153846',13,8,0,0,0,32,1
14463054,1038420,54,20,13,6,1,0,0,1,0,6,'0.375',8,3,'0.4545455',11,5,0,0,0,22,3
14463055,1038420,666474,20,0,0,0,0,0,0,0,0,0,0,0,0,0,0,0,0,0,00,0
14463056,1038420,77,20,7,1,1,0,1,2,1,0,'0.3333333',3,1,'0.3333333',9,3,0,1,0,14,1
14463057,1038420,666675,20,0,0,0,0,0,0,0,0,0,0,0,0,0,0,0,0,0,00,0
14463058,1038420,17896033,20,2,0,0,0,0,0,0,0,0,1,0,'0.5',2,1,0,0,0,10,1
14463059,1038420,17896063,20,2,6,2,0,0,1,4,2,0,0,0,'0.5',2,1,0,0,0,20,0
14463060,1038420,56677795,20,0,0,0,0,0,0,0,0,0,0,0,0,0,0,0,0,0,00,0
14463061,1038420,18,20,0,0,0,0,0,0,0,0,0,0,0,0,0,0,0,0,0,00,0
14463062,1038420,387,20,0,0,0,0,0,0,0,0,0,0,0,0,0,0,0,0,0,00,0
14463063,1038420,399,20,0,0,0,0,0,0,0,0,0,0,0,0,0,0,0,0,0,00,0
14463064,1038420,17896089,20,0,0,0,0,0,0,0,0,0,0,0,0,0,0,0,0,0,00,0
14463065,1038420,38017739,9,12,3,1,0,0,2,0,3,'0.4',5,2,'0.5555556',9,5,0,0,0,33,1
14463066,1038420,56677826,9,7,4,3,0,3,4,0,4,'0.3333333',3,1,'0.6',5,3,0,2,0,36,3
14463067,1038420,38017694,9,11,16,4,1,1,0,5,11,0,0,0,'0.3636364',11,4,'0.75',4,3,31,2
14463068,1038420,17896075,9,32,5,8,2,0,5,2,3,'0.7142857',7,5,'0.5263158',19,10,'0.875',8,7,36,1
14463069,1038420,38017682,9,14,2,3,0,1,1,1,1,'0.25',4,1,'0.3',10,3,1,7,7,24,1
14463070,1038420,68,9,0,0,0,0,0,0,0,0,0,0,0,0,0,0,0,0,0,00,0
14463071,1038420,64268165,9,2,0,0,0,0,0,0,0,0,0,0,1,1,1,0,0,0,08,0
14463072,1038420,3547275,9,8,3,2,0,0,0,0,3,'0.5',2,1,'0.5',6,3,'0.5',2,1,12,1
14463073,1038420,160,9,7,0,1,0,2,2,0,0,'0.3333333',3,1,'0.6',5,3,0,0,0,19,3
14463074,1038420,17895858,9,14,3,2,3,1,2,0,3,'0.5',6,3,'0.4444444',9,4,1,3,3,24,2
14463075,1038420,320,9,0,0,0,0,0,0,0,0,0,0,0,0,0,0,0,0,0,00,0
14463076,1038420,337,9,0,0,0,0,0,0,0,0,0,0,0,0,0,0,0,0,0,00,0
14463077,1038420,3547267,9,0,0,0,0,0,0,0,0,0,0,0,0,0,0,0,0,0,00,0
14463078,1038420,3547240,9,4,6,1,0,1,1,2,4,0,0,0,'0.5',4,2,0,0,0,17,1
14463079,1038420,38017718,9,0,0,0,0,0,0,0,0,0,0,0,0,0,0,0,0,0,00,0
14463080,1038420,42097199,9,0,0,0,0,0,0,0,0,0,0,0,0,0,0,0,0,0,00,0
14463081,1038420,56677792,9,0,0,0,0,0,0,0,0,0,0,0,0,0,0,0,0,0,00,0
14463082,1038420,44477024,9,0,0,0,0,0,0,0,0,0,0,0,0,0,0,0,0,0,00,0
14463253,1038422,38017731,15,6,3,5,0,0,4,0,3,'0.5',2,1,'0.4',5,2,'0.5',2,1,25,3
14463254,1038422,17896067,15,7,5,1,0,1,2,2,3,'0.5',2,1,'0.6',5,3,0,0,0,20,2
14463255,1038422,231,15,15,4,1,1,2,3,1,3,'0.5',2,1,'0.1666667',12,2,'0.7692308',13,10,30,1
14463256,1038422,17896027,15,6,2,0,0,1,2,0,2,0,5,0,'0.2727273',11,3,0,0,0,25,1
14463257,1038422,254,15,11,2,0,0,1,0,0,2,'0.6666667',3,2,'0.6666667',3,2,1,5,5,24,1
14463258,1038422,17896050,15,0,2,0,0,0,0,1,1,0,0,0,0,0,0,0,0,0,05,1
14463259,1038422,56677830,15,6,5,0,0,0,0,0,5,0,6,0,'0.07692308',13,1,1,4,4,23,1
14463260,1038422,666703,15,0,0,0,0,0,0,0,0,0,0,0,0,0,0,0,0,0,00,0
14463261,1038422,38017728,15,10,5,2,2,1,0,2,3,'0.3333333',3,1,'0.4',10,4,'0.5',2,1,28,2
14463262,1038422,401,15,6,2,4,0,0,2,0,2,0,1,0,'0.75',4,3,0,0,0,15,0
14463263,1038422,3547279,15,17,6,2,1,0,1,2,4,1,1,1,'0.8888889',9,8,0,0,0,23,0
14463264,1038422,470,15,2,4,1,0,0,0,0,4,0,1,0,'0.3333333',3,1,0,0,0,22,1
14463265,1038422,3547287,15,0,0,0,0,0,0,0,0,0,0,0,0,0,0,0,0,0,00,0
14463266,1038422,666505,15,0,0,0,0,0,0,0,0,0,0,0,0,0,0,0,0,0,00,0
14463267,1038422,18678058,15,0,0,0,0,0,0,0,0,0,0,0,0,0,0,0,0,0,00,0
14463268,1038422,64269023,15,0,0,0,0,0,0,0,0,0,0,0,0,0,0,0,0,0,00,0
14463269,1038422,666786,15,0,0,0,0,0,0,0,0,0,0,0,0,0,0,0,0,0,00,0
14463270,1038422,38017656,15,0,0,0,0,0,0,0,0,0,0,0,0,0,0,0,0,0,00,0
14463271,1038422,420,15,0,0,0,0,0,0,0,0,0,0,0,0,0,0,0,0,0,00,0
14463272,1038422,61,3,11,3,2,0,2,1,0,3,'0.1428571',7,1,'0.4',10,4,'0.5',4,2,31,1
14463273,1038422,158,3,13,9,4,1,0,0,4,5,'0.25',4,1,'0.6',10,6,0,0,0,25,4
14463274,1038422,666508,3,10,4,3,3,1,1,0,4,0,0,0,1,5,5,0,0,0,21,4
14463275,1038422,17896048,3,14,3,5,0,1,0,1,2,'0.6',5,3,'0.3571429',14,5,'0.5',2,1,29,1
14463276,1038422,409,3,18,2,5,0,0,4,0,2,'0.75',4,3,'0.5833333',12,7,'0.5',2,1,27,2
14463277,1038422,32,3,2,0,0,1,0,0,0,0,0,2,0,0,2,0,1,2,2,06,0
14463278,1038422,666679,3,12,2,3,0,1,1,0,2,'0.3333333',6,2,'0.5555556',9,5,0,0,0,25,3
14463279,1038422,17896038,3,8,8,2,0,0,1,3,5,0,1,0,'0.5714286',7,4,0,0,0,15,2
14463280,1038422,417,3,4,6,3,0,0,0,2,4,0,0,0,1,2,2,0,0,0,14,3
14463281,1038422,421,3,0,2,3,0,0,0,2,0,0,1,0,0,3,0,0,2,0,14,2
14463282,1038422,464,3,13,6,2,0,0,0,0,6,'0.375',8,3,'0.3636364',11,4,1,2,2,19,0
14463283,1038422,17896058,3,3,1,0,0,0,0,0,1,'0.5',2,1,'0.5',2,1,0,0,0,07,2
14463284,1038422,56677722,3,3,0,0,0,0,0,0,0,'0.5',2,1,'0.3333333',3,1,0,0,0,07,0
14463285,1038422,56677843,3,0,0,0,0,0,0,0,0,0,0,0,0,0,0,0,0,0,00,0
14463286,1038422,17896041,3,0,0,0,0,0,0,0,0,0,0,0,0,0,0,0,0,0,00,0
14463287,1038422,59421201,3,0,0,0,0,0,0,0,0,0,0,0,0,0,0,0,0,0,00,0
14463288,1038422,56677841,3,0,0,0,0,0,0,0,0,0,0,0,0,0,0,0,0,0,00,0
14464537,1038423,30,26,10,2,0,0,1,0,1,1,'0.6666667',3,2,'0.4285714',7,3,1,2,2,20,1
14464538,1038423,38017688,26,28,5,1,1,3,1,2,3,'0.857',7,6,'0.714',14,10,1,2,2,36,5
14464539,1038423,406,26,14,14,10,0,0,3,3,11,1,1,1,'0.75',8,6,'0.25',4,1,40,2
14464540,1038423,221,26,14,5,2,0,0,1,0,5,'0.222',9,2,'0.333',15,5,1,2,2,38,2
14464541,1038423,161,26,27,8,6,1,3,7,3,5,'0.2',5,1,'0.542',24,13,NULL,0,0,39,2
14464542,1038423,17896030,26,0,1,1,1,1,0,1,0,0,2,0,0,2,0,NULL,0,0,17,0
14464543,1038423,17896044,26,0,0,0,0,0,0,0,0,0,0,0,0,0,0,0,0,0,00,0
14464544,1038423,38017714,26,0,0,0,0,0,0,0,0,0,0,0,0,0,0,0,0,0,00,0
14464545,1038423,56677845,26,0,0,0,0,0,0,0,0,0,0,0,0,0,0,0,0,0,00,0
14464546,1038423,3547291,26,0,0,0,0,0,0,0,0,0,0,0,0,0,0,0,0,0,00,0
14464547,1038423,273,26,0,0,0,0,0,0,0,0,0,0,0,0,0,0,0,0,0,00,0
14464548,1038423,290,26,5,3,0,1,0,1,1,2,1,1,1,'0.667',3,2,NULL,0,0,21,5
14464549,1038423,306,26,0,0,0,0,0,0,0,0,0,0,0,0,0,0,0,0,0,00,0
14464550,1038423,17553994,26,4,1,3,1,0,0,0,1,0,0,0,1,2,2,0,0,0,09,0
14464551,1038423,324,26,8,2,7,0,2,1,0,2,0,4,0,'0.4',10,4,0,2,0,21,3
14464552,1038423,17895990,26,0,0,0,0,0,0,0,0,0,0,0,0,0,0,0,0,0,00,0
14464553,1038423,56677862,26,0,0,0,0,0,0,0,0,0,0,0,0,0,0,0,0,0,00,0
14464554,1038423,4197162,26,0,0,0,0,0,0,0,0,0,0,0,0,0,0,0,0,0,00,0
14464555,1038423,666747,16,16,6,1,0,1,1,2,4,'0.5',6,3,'0.429',14,6,1,1,1,40,2
14464556,1038423,56677785,16,26,5,2,0,4,2,1,4,'0.5',2,1,'0.706',17,12,'0.5',2,1,38,2
14464557,1038423,4,16,28,10,7,1,2,5,2,8,0,1,0,'0.611',18,11,'0.857',7,6,36,1
14464558,1038423,397,16,4,4,11,0,1,2,1,3,0,6,0,'0.091',11,1,'0.667',3,2,39,3
14464559,1038423,487,16,13,2,5,1,2,0,0,2,'0.5',4,2,'0.6',5,3,'0.833',6,5,35,0
14464560,1038423,74,16,0,0,0,0,0,0,0,0,0,0,0,0,0,0,0,0,0,00,0
14464561,1038423,79,16,0,0,0,0,0,0,0,0,0,0,0,0,0,0,0,0,0,00,0
14464562,1038423,38017734,16,0,0,0,0,0,0,0,0,0,0,0,0,0,0,0,0,0,00,0
14464563,1038423,3092,16,15,4,0,1,3,0,3,1,'0.6',5,3,'0.667',9,6,NULL,0,0,29,3
14464564,1038423,38017696,16,0,0,0,0,0,0,0,0,0,0,0,0,0,0,0,0,0,00,0
14464565,1038423,285,16,19,7,1,0,0,1,1,6,'0.667',3,2,'0.667',9,6,'0.833',6,5,15,1
14464566,1038423,38017736,16,0,1,0,0,0,0,0,1,0,2,0,0,2,0,0,0,0,05,0
14464567,1038423,38017723,16,0,0,0,0,0,0,0,0,0,1,0,0,2,0,0,0,0,03,0
14464568,1038423,666633,16,0,0,0,0,0,0,0,0,0,0,0,0,0,0,0,0,0,00,0
14464569,1038423,391,16,0,0,0,0,0,0,0,0,0,0,0,0,0,0,0,0,0,00,0
14464570,1038423,39398582,16,0,0,0,0,0,0,0,0,0,0,0,0,0,0,0,0,0,00,0
14464571,1038423,403,16,0,0,0,0,0,0,0,0,0,0,0,0,0,0,0,0,0,00,0
14464572,1038423,19465585,16,0,0,0,0,0,0,0,0,0,0,0,0,0,0,0,0,0,00,0
14465201,1038424,666908,6,21,4,4,2,0,2,0,4,'0.7',10,7,'0.5833333',12,7,0,0,0,26,2
14465202,1038424,17896076,6,12,9,7,0,1,1,3,6,0,3,0,'0.4545455',11,5,1,2,2,28,2
14465203,1038424,9,6,19,9,0,1,0,1,4,5,0,0,0,'0.7777778',9,7,'0.8333333',6,5,33,0
14465204,1038424,322,6,31,7,6,1,0,7,0,7,'0.6363636',11,7,'0.55',20,11,'0.6666667',3,2,38,3
14465205,1038424,666581,6,8,1,7,0,0,2,1,0,'0.2',5,1,'0.2',10,2,'0.6',5,3,32,1
14465206,1038424,17896029,6,0,0,0,0,0,0,0,0,0,0,0,0,0,0,0,0,0,00,0
14465207,1038424,248,6,0,0,0,0,0,0,0,0,0,0,0,0,0,0,0,0,0,00,0
14465208,1038424,277,6,11,4,6,0,0,2,0,4,'0.3333333',3,1,'0.5',10,5,0,0,0,28,2
14465209,1038424,3547299,6,0,0,0,0,0,0,0,0,0,0,0,0,0,0,0,0,0,00,0
14465210,1038424,344,6,10,5,0,0,0,0,0,5,'0.5',4,2,'0.6666667',6,4,0,0,0,21,1
14465211,1038424,3547247,6,9,6,5,0,1,1,0,6,'0.5',4,2,'0.6',5,3,'0.5',2,1,25,1
14465212,1038424,666940,6,0,2,0,0,0,0,1,1,0,0,0,0,0,0,0,0,0,09,0
14465213,1038424,56677847,6,0,0,0,0,0,0,0,0,0,0,0,0,0,0,0,0,0,00,0
14465214,1038424,666676,6,0,0,0,0,0,0,0,0,0,0,0,0,0,0,0,0,0,00,0
14465215,1038424,38017662,6,0,0,0,0,0,0,0,0,0,0,0,0,0,0,0,0,0,00,0
14465216,1038424,64270026,6,0,0,0,0,0,0,0,0,0,0,0,0,0,0,0,0,0,00,0
14465217,1038424,56677872,6,0,0,0,0,0,0,0,0,0,0,0,0,0,0,0,0,0,00,0
14465218,1038424,444,6,0,0,0,0,0,0,0,0,0,0,0,0,0,0,0,0,0,00,0
14465219,1038424,3547258,7,7,1,1,0,4,0,0,1,'0.2',5,1,'0.375',8,3,0,0,0,29,1
14465220,1038424,666950,7,11,2,2,1,3,0,0,2,'0.3333333',3,1,'0.625',8,5,0,1,0,35,2
14465221,1038424,56677840,7,9,6,0,2,0,0,2,4,0,0,0,1,4,4,'0.25',4,1,22,1
14465222,1038424,228,7,30,6,3,1,1,3,1,5,'0.625',8,5,'0.5',24,12,1,1,1,39,1
14465223,1038424,132,7,45,9,14,0,3,1,0,9,'0.5454546',11,6,'0.5862069',29,17,1,5,5,41,1
14465224,1038426,17896045,30,20,3,5,2,0,3,0,3,'0.4444444',9,4,'0.5333334',15,8,0,1,0,33,2
14465225,1038424,666577,7,4,2,0,0,0,0,0,2,0,0,0,'0.6666667',3,2,0,0,0,07,2
14465226,1038424,191,7,4,3,1,1,0,0,1,2,0,1,0,'0.4',5,2,0,0,0,26,1
14465227,1038424,38017679,7,2,0,1,0,0,0,0,0,0,2,0,'0.25',4,1,0,0,0,05,1
14465228,1038424,247,7,3,0,0,0,0,1,0,0,0,1,0,'0.3333333',3,1,'0.5',2,1,09,0
14465229,1038424,257,7,4,7,1,1,0,0,1,6,'0.5',2,1,'0.3333333',3,1,'0.5',2,1,27,2
14465230,1038424,329,7,0,0,0,0,0,0,0,0,0,0,0,0,0,0,0,0,0,00,0
14465231,1038424,379,7,0,0,0,0,0,0,0,0,0,0,0,0,0,0,0,0,0,00,0
14465232,1038426,265,30,27,12,2,1,0,6,1,11,'0.25',4,1,'0.5714286',21,12,1,2,2,38,0
14465233,1038426,24,30,20,9,2,2,1,1,3,6,1,1,1,'0.7272727',11,8,1,3,3,33,2
14465234,1038426,414,30,16,0,1,0,0,0,0,0,'0.3333333',9,3,'0.4615385',13,6,1,1,1,32,2
14465235,1038424,17896028,7,0,0,0,0,0,0,0,0,0,0,0,0,0,0,0,0,0,00,0
14465236,1038424,151,7,0,0,0,0,0,0,0,0,0,0,0,0,0,0,0,0,0,00,0
14465237,1038426,249,30,14,6,17,0,2,1,1,5,'0.25',4,1,'0.5454546',11,6,1,1,1,36,0
14465238,1038424,17554004,7,0,0,0,0,0,0,0,0,0,0,0,0,0,0,0,0,0,00,0
14465239,1038426,64267203,30,0,0,0,0,0,0,0,0,0,0,0,0,0,0,0,0,0,00,0
14465240,1038424,56677859,7,0,0,0,0,0,0,0,0,0,0,0,0,0,0,0,0,0,00,0
14465241,1038424,24489167,7,0,0,0,0,0,0,0,0,0,0,0,0,0,0,0,0,0,00,0
14465242,1038426,18677954,30,2,1,2,0,0,3,1,0,0,0,0,1,1,1,0,0,0,11,2
14465243,1038426,17896039,30,0,0,0,0,0,0,0,0,0,0,0,0,0,0,0,0,0,00,0
14465244,1038426,38017687,30,0,1,0,0,0,0,0,1,0,0,0,0,0,0,0,0,0,08,1
14465245,1038426,3547302,30,0,0,0,0,0,0,0,0,0,0,0,0,0,0,0,0,0,00,0
14465246,1038426,217,30,1,3,0,0,0,0,2,1,0,0,0,0,3,0,'0.5',2,1,12,0
14465247,1038426,17896106,30,0,3,0,0,0,0,2,1,0,0,0,0,1,0,0,0,0,08,0
14465248,1038426,666848,30,12,3,5,0,2,6,1,2,'0.25',8,2,'0.2941177',17,5,0,0,0,29,3
14465249,1038426,3547242,30,0,0,0,0,0,0,0,0,0,0,0,0,0,0,0,0,0,00,0
14465250,1038426,38017704,30,0,0,0,0,0,0,0,0,0,0,0,0,0,0,0,0,0,00,0
14465251,1038426,56677844,30,0,0,0,0,0,0,0,0,0,0,0,0,0,0,0,0,0,00,0
14465252,1038426,17896071,30,0,0,0,0,0,0,0,0,0,0,0,0,0,0,0,0,0,00,0
14465253,1038426,17553992,10,12,3,1,0,2,2,0,3,'0.5714286',7,4,'0.5714286',7,4,0,0,0,23,1
14465254,1038426,17553979,10,21,6,5,0,0,1,1,5,0,0,0,'0.7692308',13,10,'0.5',2,1,28,1
14465255,1038426,185,10,6,8,8,0,0,2,0,8,'0.5',2,1,'0.25',4,1,'0.75',4,3,29,1
14465256,1038426,56677858,10,7,4,4,1,2,2,2,2,'0.5',2,1,'0.375',8,3,0,0,0,28,2
14465257,1038426,115,10,18,5,6,1,1,3,0,5,'0.25',16,4,'0.2857143',21,6,1,2,2,30,1
14465258,1038426,56677799,10,5,2,0,1,0,0,1,1,0,0,0,1,2,2,'0.5',2,1,09,1
14465259,1038426,282,10,2,5,1,2,0,0,0,5,0,0,0,'0.5',2,1,0,0,0,10,0
14465260,1038426,367,10,9,4,6,0,4,2,1,3,'0.6',5,3,'0.5',6,3,0,0,0,22,1
14465261,1038426,2189,10,13,4,2,1,3,1,4,0,1,1,1,'0.6',10,6,0,0,0,18,1
14465262,1038426,45658838,10,0,0,1,0,0,0,0,0,0,0,0,0,0,0,0,0,0,01,0
14465263,1038426,398,10,0,0,0,0,0,0,0,0,0,0,0,0,0,0,0,0,0,01,0
14465264,1038426,407,10,5,0,1,0,0,3,0,0,'0.5',2,1,'0.4',5,2,0,0,0,14,0
14465265,1038426,443,10,25,3,4,0,0,2,0,3,'0.5454546',11,6,'0.5625',16,9,1,1,1,27,2
14465266,1038426,475,10,0,0,0,0,0,0,0,0,0,0,0,0,0,0,0,0,0,00,0
14465267,1038426,17896070,10,0,0,0,0,0,0,0,0,0,0,0,0,0,0,0,0,0,00,0
14465268,1038426,57875092,10,0,0,0,0,0,0,0,0,0,0,0,0,0,0,0,0,0,00,0
14465269,1038426,795959473,10,0,0,0,0,0,0,0,0,0,0,0,0,0,0,0,0,0,00,0
14465270,1038425,38017724,22,9,6,1,0,2,1,1,5,'0.75',4,3,'0.75',4,3,NULL,0,0,31,3
14465271,1038425,17896026,22,21,5,5,1,0,3,0,5,0,2,0,'0.7272727',11,8,1,5,5,28,1
14465272,1038425,85,22,10,7,2,1,0,2,2,5,0,2,0,'0.5555556',9,5,0,0,0,22,3
14465273,1038425,196,22,8,2,2,0,0,0,0,2,'0.5',4,2,'0.5',6,3,0,0,0,21,1
14465274,1038425,17896073,22,9,1,2,0,2,2,0,1,'0.5',2,1,'0.6',5,3,1,2,2,16,3
14465275,1038425,3547251,22,12,2,1,0,3,0,0,2,'0.4',5,2,'0.333',12,4,1,2,2,26,2
14465276,1038425,666442,22,3,1,0,0,1,1,0,1,NULL,0,0,1,1,1,'0.5',2,1,7,3
14465277,1038425,56677827,22,8,4,1,0,2,1,0,4,'0.5',2,1,'0.5',4,2,'0.75',4,3,22,0
14465278,1038425,165,22,12,3,1,0,0,4,1,2,0,1,0,'0.5',12,6,0,1,0,25,1
14465279,1038425,226,22,0,2,2,0,2,2,0,2,0,2,0,0,2,0,0,0,0,18,2
14465280,1038425,666818,22,0,0,0,0,1,0,0,0,0,0,0,0,0,0,0,0,0,05,0
14465281,1038425,462,22,16,5,2,0,1,1,1,4,0,0,0,'0.5714286',7,4,'0.8888889',9,8,19,3
14465282,1038425,38017683,22,0,0,0,0,0,0,0,0,0,0,0,0,0,0,0,0,0,00,0
14465283,1038425,38017607,22,0,0,0,0,0,0,0,0,0,0,0,0,0,0,0,0,0,00,0
14465284,1038425,56677839,22,0,0,0,0,0,0,0,0,0,0,0,0,0,0,0,0,0,00,0
14465285,1038425,229,22,0,0,0,0,0,0,0,0,0,0,0,0,0,0,0,0,0,00,0
14465286,1038425,17553983,22,0,0,0,0,0,0,0,0,0,0,0,0,0,0,0,0,0,00,0
14465287,1038425,666885,22,0,0,0,0,0,0,0,0,0,0,0,0,0,0,0,0,0,00,0
14465288,1038425,666679,3,9,1,2,0,1,1,0,1,'0.25',4,1,'0.364',11,4,NULL,0,0,29,2
14465289,1038425,158,3,3,4,2,1,2,3,1,3,1,1,1,'0.5',2,1,0,0,0,22,2
14465290,1038425,666508,3,10,5,1,0,0,2,2,3,0,0,0,'0.6666667',6,4,'0.5',4,2,27,3
14465291,1038425,61,3,4,2,2,0,1,3,0,2,0,7,0,'0.154',13,2,0,1,0,29,1
14465292,1038425,409,3,15,1,2,0,3,2,0,1,'0.75',4,3,'0.6',10,6,0,0,0,25,2
14465293,1038425,32,3,2,1,2,0,0,0,0,1,0,1,0,'0.5',2,1,0,0,0,07,0
14465294,1038425,17896041,3,4,1,0,0,0,1,1,0,0,1,0,'0.333',3,1,1,2,2,4,1
14465295,1038425,17896038,3,4,6,1,0,0,0,1,5,0,0,0,1,2,2,0,0,0,14,2
14465296,1038425,421,3,7,3,5,0,1,3,1,2,'0.3333333',3,1,'0.5',6,3,0,0,0,20,2
14465297,1038425,464,3,4,1,0,0,1,0,0,1,'0.25',4,1,'0.1111111',9,1,1,1,1,21,3
14465298,1038425,17896058,3,14,7,0,0,0,5,3,4,0,2,0,'0.4',10,4,1,6,6,19,3
14465299,1038425,56677722,3,5,3,1,0,1,0,0,3,'0.25',4,1,'0.4',5,2,NULL,0,0,23,1
14465300,1038425,56677843,3,0,0,0,0,0,0,0,0,0,0,0,0,0,0,0,0,0,00,0
14465301,1038425,59421201,3,0,0,0,0,0,0,0,0,0,0,0,0,0,0,0,0,0,00,0
14465302,1038425,417,3,0,0,0,0,0,0,0,0,0,0,0,0,0,0,0,0,0,00,0
14465303,1038425,17896048,3,0,0,0,0,0,0,0,0,0,0,0,0,0,0,0,0,0,00,0
14465304,1038425,56677841,3,0,0,0,0,0,0,0,0,0,0,0,0,0,0,0,0,0,00,0
14465513,1038428,70,2,31,6,1,0,1,4,1,5,'0.5',2,1,'0.7857143',14,11,'0.8',10,8,35,4
14465514,1038428,434,2,29,11,8,1,0,1,0,11,'0.143',7,1,'0.45',20,9,'0.909',11,10,35,1
14465515,1038428,378,2,23,12,1,1,1,1,4,8,'0.5',2,1,'0.4166667',12,5,1,12,12,31,1
14465516,1038428,473,2,6,6,6,3,2,2,0,6,0,2,0,'0.3333333',6,2,1,2,2,30,0
14465517,1038428,214,2,13,7,4,2,1,4,3,4,1,1,1,'0.75',8,6,0,0,0,35,0
14465518,1038428,666468,2,0,0,0,0,0,0,0,0,0,0,0,0,0,0,0,0,0,02,0
14465519,1038428,17896060,2,3,5,0,1,0,1,0,5,'0.5',2,1,'0.5',2,1,0,0,0,21,4
14465520,1038428,219,2,8,5,1,1,1,0,0,5,0,2,0,'0.6666667',6,4,0,0,0,21,1
14465521,1038428,261,2,2,1,0,0,0,0,0,1,0,0,0,0,0,0,1,2,2,10,3
14465522,1038428,338,2,0,0,0,0,0,0,0,0,0,0,0,0,0,0,0,0,0,00,0
14465523,1038428,3547276,2,2,2,0,0,1,1,0,2,0,3,0,'0.25',4,1,NULL,0,0,16,1
14465524,1038428,17896025,2,0,1,0,0,0,0,1,0,0,0,0,0,1,0,0,0,0,01,1
14465525,1038428,3547285,2,0,0,0,0,0,0,0,0,0,0,0,0,0,0,0,0,0,00,0
14465526,1038428,56677864,2,0,0,0,0,0,0,0,0,0,0,0,0,0,0,0,0,0,00,0
14465527,1038428,38017707,2,0,0,0,0,0,0,0,0,0,0,0,0,0,0,0,0,0,00,0
14465528,1038428,64270311,2,0,0,0,0,0,0,0,0,0,0,0,0,0,0,0,0,0,00,0
14465529,1038428,17553967,2,0,0,0,0,0,0,0,0,0,0,0,0,0,0,0,0,0,00,0
14465530,1038428,360,23,3,1,1,0,1,0,0,1,0,2,0,'0.1666667',6,1,'0.5',2,1,22,3
14465531,1038428,200,23,13,2,0,0,0,1,2,0,'0.2857143',7,2,'0.2631579',19,5,1,1,1,29,3
14465532,1038428,3547270,23,0,3,0,0,0,0,0,3,0,0,0,0,3,0,0,0,0,14,1
14465533,1038428,210,23,6,2,4,0,0,1,0,2,'0.2857143',7,2,'0.25',8,2,0,0,0,29,4
14465534,1038428,3547254,23,32,3,5,1,2,1,1,2,'0.3333333',12,4,'0.5',24,12,1,4,4,37,1
14465535,1038428,28,23,10,6,0,1,0,1,3,3,'0.6666667',3,2,'0.5',8,4,0,0,0,18,4
14465536,1038428,33,23,3,3,1,1,1,2,1,2,'0.3333333',3,1,'0.25',4,1,0,0,0,20,4
14465537,1038428,666429,23,0,1,1,1,0,0,0,1,0,0,0,0,0,0,0,0,0,03,0
14465538,1038428,56913527,23,16,4,1,0,0,1,1,3,NULL,0,0,'0.75',8,6,1,4,4,19,0
14465539,1038428,286,23,3,2,4,0,2,0,0,2,0,1,0,'0.3333333',3,1,1,1,1,23,0
14465540,1038428,313,23,0,1,1,1,0,0,0,1,0,2,0,0,2,0,0,0,0,09,1
14465541,1038428,368,23,13,0,2,0,0,2,0,0,'0.6',5,3,'0.5555556',9,5,0,0,0,15,2
14465542,1038428,108,23,0,0,0,0,0,0,0,0,0,0,0,0,0,0,0,0,0,00,0
14465543,1038428,145,23,0,0,0,0,0,0,0,0,0,0,0,0,0,0,0,0,0,00,0
14465544,1038428,38017732,23,0,0,0,0,0,0,0,0,0,0,0,0,0,0,0,0,0,00,0
14465545,1038428,3547294,23,0,0,0,0,0,0,0,0,0,0,0,0,0,0,0,0,0,00,0
14465546,1038428,56677788,23,0,0,0,0,0,0,0,0,0,0,0,0,0,0,0,0,0,00,0
14465547,1038429,3547249,20,15,7,2,1,0,1,3,4,0,3,0,'0.4',10,4,'0.875',8,7,40,3
14465548,1038429,202,20,15,10,5,0,2,1,3,7,'0.25',4,1,'0.4',15,6,'0.3333333',6,2,40,4
14465549,1038429,17896063,20,7,7,3,2,0,2,2,5,0,0,0,1,3,3,'0.3333333',3,1,30,3
14465550,1038429,131,20,23,4,2,0,2,3,1,3,'0.3888889',18,7,'0.3809524',21,8,0,0,0,36,3
14465551,1038429,17896033,20,10,3,8,1,1,0,1,2,'0.2857143',7,2,'0.2727273',11,3,1,2,2,40,3
14465552,1038429,54,20,20,4,5,0,1,4,3,1,'0.4',10,4,'0.4285714',14,6,1,4,4,29,4
14465553,1038429,666474,20,0,0,0,0,0,0,0,0,0,1,0,0,1,0,0,0,0,03,0
14465554,1038429,73,20,0,0,0,0,0,0,0,0,0,0,0,0,0,0,0,0,0,00,0
14465555,1038429,77,20,2,2,1,1,0,0,0,2,0,2,0,'0.1428571',7,1,0,0,0,16,0
14465556,1038429,201,20,0,0,0,0,0,0,0,0,0,0,0,0,0,0,0,0,0,00,0
14465557,1038429,666675,20,0,0,0,0,0,0,0,0,0,1,0,0,1,0,0,0,0,03,0
14465558,1038429,56677795,20,0,1,1,0,0,0,0,1,0,0,0,0,0,0,0,0,0,03,0
14465559,1038429,18,20,0,0,0,0,0,0,0,0,0,0,0,0,0,0,0,0,0,00,0
14465560,1038429,387,20,0,0,0,0,0,0,0,0,0,0,0,0,0,0,0,0,0,00,0
14465561,1038429,399,20,0,0,0,0,0,0,0,0,0,0,0,0,0,0,0,0,0,00,0
14465562,1038429,17896089,20,0,0,0,0,0,0,0,0,0,0,0,0,0,0,0,0,0,00,0
14465563,1038429,227,19,24,6,5,2,0,5,0,6,'0.4285714',7,3,'0.5',18,9,1,3,3,34,3
14465564,1038429,666969,19,21,5,4,2,0,6,2,3,0,0,0,'0.4666667',15,7,'0.875',8,7,29,6
14465565,1038429,455,19,7,9,1,0,0,0,2,7,0,0,0,'0.3333333',6,2,'0.75',4,3,23,1
14465566,1038429,17896024,19,15,1,1,0,2,1,0,1,'0.75',4,3,'0.6666667',6,4,1,4,4,33,3
14465567,1038429,18677986,19,26,7,4,0,1,0,2,5,'0.5454546',11,6,'0.6428571',14,9,'0.6666667',3,2,36,3
14465568,1038429,17896097,19,0,0,0,0,0,0,0,0,0,0,0,0,0,0,0,0,0,00,0
14465569,1038429,17896092,19,0,0,0,0,0,0,0,0,0,0,0,0,1,0,0,0,0,03,0
14465570,1038429,56677837,19,3,4,0,1,0,0,0,4,'0.25',4,1,'0.2',5,1,0,0,0,17,0
14465571,1038429,3547293,19,3,4,3,0,1,1,1,3,'0.3333333',3,1,'0.25',4,1,0,0,0,28,0
14465572,1038429,340,19,4,6,3,0,0,1,3,3,0,1,0,'0.6666667',3,2,0,1,0,19,4
14465573,1038429,17896021,19,6,1,0,0,0,0,0,1,1,2,2,'0.6666667',3,2,0,0,0,03,1
14465574,1038429,17896017,19,6,1,1,0,0,0,0,1,1,2,2,1,2,2,0,0,0,12,0
14465575,1038429,38017726,19,0,0,1,0,0,0,0,0,0,0,0,0,0,0,0,0,0,03,0
14465576,1038429,491,19,0,0,0,0,0,0,0,0,0,0,0,0,0,0,0,0,0,00,0
14465577,1038429,38017677,19,0,0,0,0,0,0,0,0,0,0,0,0,0,0,0,0,0,00,0
14465578,1038429,24102469,19,0,0,0,0,0,0,0,0,0,0,0,0,0,0,0,0,0,00,0
14465579,1038429,38017663,19,0,0,0,0,0,0,0,0,0,0,0,0,0,0,0,0,0,00,0
14465580,1038429,303,19,0,0,0,0,0,0,0,0,0,0,0,0,0,0,0,0,0,00,0
14465685,1038427,3547256,1,16,7,0,0,0,1,3,4,'0.333',6,2,'0.364',11,4,1,6,6,30,0
14465686,1038427,17896040,1,22,13,6,0,1,5,0,13,'0.5',4,2,'0.643',14,9,1,2,2,30,3
14465687,1038427,83,1,9,13,0,3,1,1,5,8,NULL,0,0,'0.444',9,4,'0.5',2,1,25,3
14465688,1038427,53,1,19,3,3,2,2,4,1,2,'0.375',8,3,'0.4666667',15,7,1,2,2,33,2
14465689,1038427,334,1,17,4,11,2,1,5,2,2,'0.167',6,1,'0.368',19,7,1,2,2,32,0
14465690,1038427,56677838,1,7,2,5,0,2,0,0,2,'0.5',2,1,'0.4285714',7,3,0,0,0,21,1
14465691,1038427,666564,1,8,3,1,0,0,1,3,0,0,0,0,1,4,4,0,0,0,18,2
14465692,1038427,666656,1,20,5,0,1,0,0,1,4,'0.3333333',3,1,'0.6',10,6,'0.7777778',9,7,28,1
14465693,1038427,666754,1,6,5,1,0,1,0,0,5,'0.6666667',3,2,'0.5',4,2,0,0,0,17,3
14465694,1038427,301,1,0,0,0,0,0,0,0,0,0,0,0,0,0,0,0,0,0,00,0
14465695,1038427,319,1,0,0,0,0,0,0,0,0,0,0,0,0,0,0,0,0,0,00,0
14465696,1038427,3547244,1,0,0,0,0,0,0,0,0,0,0,0,0,0,0,0,0,0,00,0
14465697,1038427,3547297,1,0,0,0,0,0,0,0,0,0,0,0,0,0,0,0,0,0,00,0
14465698,1038427,38017689,1,0,0,0,0,0,0,0,0,0,0,0,0,0,0,0,0,0,00,0
14465699,1038427,56677806,1,0,0,0,0,0,0,0,0,0,0,0,0,0,0,0,0,0,00,0
14465700,1038427,4197387,1,0,0,0,0,0,0,0,0,0,0,0,0,0,0,0,0,0,00,0
14465701,1038427,56677855,1,0,0,0,0,0,0,0,0,0,0,0,0,0,0,0,0,0,00,0
14465702,1038427,490,1,0,0,0,0,0,0,0,0,0,0,0,0,0,0,0,0,0,00,0
14465703,1038427,297,29,11,4,0,0,0,2,2,2,0,6,0,'0.3076923',13,4,'0.75',4,3,26,0
14465704,1038427,56677824,29,8,8,1,0,2,0,0,8,'0.5',4,2,'0.375',8,3,0,0,0,29,3
14465705,1038427,101,29,5,10,2,1,0,5,3,7,0,3,0,'0.25',8,2,1,1,1,22,4
14465706,1038427,413,29,22,1,3,0,6,3,0,1,'0.5',6,3,'0.5',16,8,'0.6',5,3,29,2
14465707,1038427,56677834,29,14,1,6,0,0,2,0,1,'0.4444444',9,4,'0.3333333',15,5,0,0,0,34,1
14465708,1038427,100,29,6,1,8,0,1,1,1,0,0,3,0,'0.2',10,2,1,2,2,27,1
14465709,1038427,139,29,2,2,3,0,0,2,0,2,0,1,0,'0.2',5,1,0,0,0,16,1
14465710,1038427,666650,29,9,3,1,1,1,0,2,1,0,2,0,'0.333',6,2,1,5,5,10,0
14465711,1038427,38017705,29,14,12,0,2,1,1,4,8,0,0,0,'0.75',8,6,1,2,2,30,0
14465712,1038427,3547260,29,0,0,0,0,0,0,0,0,0,0,0,0,0,0,0,0,0,00,0
14465713,1038427,666881,29,0,0,0,0,0,0,0,0,0,0,0,0,0,0,0,0,0,00,0
14465714,1038427,56677842,29,6,1,0,0,0,1,0,1,'0.5',4,2,'0.4',5,2,0,0,0,17,3
14465715,1038427,11891374,29,0,0,0,0,0,0,0,0,0,0,0,0,0,0,0,0,0,00,0
14465716,1038427,38017630,29,0,0,0,0,0,0,0,0,0,0,0,0,0,0,0,0,0,00,0
14465717,1038427,376,29,0,0,0,0,0,0,0,0,0,0,0,0,0,0,0,0,0,00,0
14465718,1038427,19465584,29,0,0,0,0,0,0,0,0,0,0,0,0,0,0,0,0,0,00,0
14465719,1038427,17896042,29,0,0,0,0,0,0,0,0,0,0,0,0,0,0,0,0,0,00,0
14466238,1038431,125,5,25,3,4,0,1,0,0,3,0,2,0,'0.563',16,9,1,7,7,40,2
14466239,1038431,89,5,4,2,1,0,5,1,1,1,0,5,0,'0.2222222',9,2,0,0,0,25,4
14466240,1038431,460,5,25,10,2,1,0,1,3,7,'0.1428571',7,1,'0.5217391',23,12,0,1,0,37,4
14466241,1038431,17895983,5,8,6,6,0,3,2,3,3,0,5,0,'0.286',14,4,NULL,0,0,38,2
14466242,1038431,666956,5,10,5,6,0,0,1,1,4,0,5,0,'0.1428571',14,2,'0.75',8,6,41,2
14466243,1038431,56677874,5,0,0,0,0,0,0,0,0,0,0,0,0,0,0,0,0,0,00,0
14466244,1038431,87,5,0,1,1,1,1,0,0,1,0,2,0,0,4,0,0,0,0,12,0
14466245,1038431,64268019,5,0,0,0,0,0,0,0,0,0,0,0,0,0,0,0,0,0,00,0
14466246,1038431,137,5,20,11,0,1,0,1,6,5,0,0,0,'0.6428571',14,9,1,2,2,28,2
14466247,1038431,907726640,5,0,0,0,0,0,0,0,0,0,0,0,0,0,0,0,0,0,00,0
14466248,1038431,56677857,5,0,0,0,0,0,0,0,0,0,0,0,0,0,0,0,0,0,00,0
14466249,1038431,56677860,5,0,0,0,0,0,0,0,0,0,0,0,0,0,0,0,0,0,00,0
14466250,1038431,17896116,5,0,0,0,0,0,0,0,0,0,1,0,0,1,0,0,0,0,04,1
14466251,1038431,38017719,5,3,1,2,0,1,0,1,0,'0.5',2,1,'0.3333333',3,1,0,0,0,15,1
14466252,1038431,27,5,0,0,0,0,0,0,0,0,0,0,0,0,0,0,0,0,0,00,0
14466253,1038431,110,5,0,0,0,0,0,0,0,0,0,0,0,0,0,0,0,0,0,00,0
14466254,1038431,268,5,0,0,0,0,0,0,0,0,0,0,0,0,0,0,0,0,0,00,0
14466255,1038431,3547248,5,0,0,0,0,0,0,0,0,0,0,0,0,0,0,0,0,0,00,0
14466256,1038431,56677826,9,13,8,3,0,0,1,0,8,'0.5',4,2,'0.625',8,5,'0.5',2,1,35,4
14466292,1038431,3547267,9,11,9,0,1,0,2,1,8,'0.3333333',6,2,'0.4444444',9,4,'0.5',2,1,34,2
14466293,1038431,38017694,9,14,10,5,3,1,5,2,8,0,0,0,'0.5555556',9,5,1,4,4,31,4
14466294,1038431,38017682,9,15,2,5,1,1,4,0,2,'0.333',3,1,'0.571',7,4,'0.75',8,6,34,3
14466295,1038431,17896075,9,26,5,5,1,0,3,1,4,'0.6',5,3,'0.6923077',13,9,'0.7142857',7,5,36,0
14466296,1038431,68,9,0,0,0,0,0,0,0,0,0,0,0,0,0,0,0,0,0,00,0
14466297,1038431,64268165,9,0,0,0,0,0,0,0,0,0,0,0,0,0,0,0,0,0,00,0
14466298,1038431,3547275,9,7,2,1,0,0,2,0,2,'0.25',4,1,'0.375',8,3,0,0,0,12,0
14466299,1038431,38017739,9,17,3,1,0,1,0,2,1,'0.5555556',9,5,'0.5',12,6,0,0,0,21,0
14466300,1038431,160,9,0,0,0,1,0,0,0,0,0,1,0,0,2,0,0,0,0,06,0
14466301,1038431,17895858,9,0,3,2,0,0,1,0,3,0,5,0,0,5,0,0,0,0,14,1
14466302,1038431,320,9,0,0,0,0,0,0,0,0,0,0,0,0,0,0,0,0,0,00,0
14466303,1038431,337,9,0,0,0,0,0,0,0,0,0,0,0,0,0,0,0,0,0,00,0
14466304,1038431,3547240,9,2,5,0,0,0,0,2,3,0,0,0,'0.5',2,1,0,0,0,17,5
14466305,1038431,38017718,9,0,0,0,0,0,0,0,0,0,0,0,0,0,0,0,0,0,00,0
14466306,1038431,42097199,9,0,0,0,0,0,0,0,0,0,0,0,0,0,0,0,0,0,00,0
14466307,1038431,56677792,9,0,0,0,0,0,0,0,0,0,0,0,0,0,0,0,0,0,00,0
14466308,1038431,44477024,9,0,0,0,0,0,0,0,0,0,0,0,0,0,0,0,0,0,00,0
14466309,1038430,3547259,18,2,5,1,2,3,3,1,4,0,1,0,'0.2',5,1,NULL,0,0,26,4
14466310,1038430,12,18,2,2,4,0,2,2,0,2,0,0,0,'0.25',4,1,0,0,0,15,1
14466311,1038430,176,18,13,17,3,4,0,1,6,11,0,1,0,'0.5',12,6,'0.5',2,1,39,2
14466312,1038430,3547238,18,34,5,5,1,4,4,1,4,'0.4',10,4,'0.4482759',29,13,1,4,4,33,0
14466313,1038430,104,18,16,0,1,0,1,0,0,0,'0.6666667',6,4,'0.6',10,6,0,0,0,19,1
14466314,1038430,666400,18,8,4,6,0,0,1,0,4,0,5,0,'0.2727273',11,3,1,2,2,30,2
14466315,1038430,17896056,18,0,0,0,0,0,0,0,0,0,0,0,0,0,0,0,0,0,00,0
14466316,1038430,235,18,0,0,0,0,0,0,0,0,0,0,0,0,0,0,0,0,0,01,0
14466317,1038430,666767,18,9,2,3,0,2,1,0,2,'0.75',4,3,'0.75',4,3,0,0,0,16,1
14466318,1038430,38017715,18,0,1,0,0,0,0,0,1,0,0,0,0,0,0,0,0,0,01,0
14466319,1038430,38017700,18,0,0,0,0,0,0,0,0,0,0,0,0,0,0,0,0,0,00,0
14466320,1038430,330,18,8,4,4,0,2,0,1,3,'0.5',2,1,'0.25',8,2,'0.75',4,3,27,1
14466321,1038430,667378,18,22,6,1,1,2,2,2,4,'0.5',2,1,'0.8',10,8,1,5,5,33,2
14466322,1038430,56677851,18,0,0,0,0,0,0,0,0,0,0,0,0,0,0,0,0,0,00,0
14466323,1038430,56677782,18,0,0,0,0,0,0,0,0,0,0,0,0,0,0,0,0,0,00,0
14466324,1038430,17895968,18,0,0,0,0,0,0,0,0,0,0,0,0,0,0,0,0,0,00,0
14466325,1038430,447,18,0,0,0,0,0,0,0,0,0,0,0,0,0,0,0,0,0,00,0
14466326,1038430,38017649,27,7,3,1,2,1,0,1,2,'0.3333333',3,1,'0.5',6,3,0,0,0,19,0
14466327,1038430,38017699,27,0,0,1,0,0,0,0,0,0,1,0,0,2,0,0,0,0,16,1
14466328,1038430,56677822,27,17,13,5,4,2,5,1,12,'0.2857143',7,2,'0.3846154',13,5,1,5,5,34,5
14466329,1038430,3547246,27,21,6,6,0,3,3,0,6,'0.25',8,2,'0.5',18,9,'0.3333333',3,1,39,2
14466330,1038430,3547274,27,11,8,6,0,1,6,1,7,1,1,1,1,5,5,0,1,0,29,0
14466331,1038430,38017692,27,12,2,0,1,1,2,0,2,'0.6666667',3,2,'0.8',5,4,1,2,2,21,1
14466332,1038430,102,27,5,1,3,0,0,3,0,1,'0.5',2,1,'0.4',5,2,0,0,0,14,2
14466333,1038430,180,27,0,0,0,0,0,0,0,0,0,0,0,0,0,0,0,0,0,00,0
14466334,1038430,666682,27,20,6,4,0,1,3,3,3,'0.4545455',11,5,'0.4117647',17,7,'0.5',2,1,34,3
14466335,1038430,17896059,27,0,0,0,0,0,0,0,0,0,0,0,0,0,0,0,0,0,00,0
14466336,1038430,359,27,10,2,1,0,0,0,1,1,'0.5',4,2,'0.5',8,4,0,0,0,22,0
14466337,1038430,38017693,27,2,0,1,0,0,0,0,0,0,1,0,0,3,0,1,2,2,12,1
14466338,1038430,38017730,27,0,0,0,0,0,0,0,0,0,0,0,0,0,0,0,0,0,00,0
14466339,1038430,17895854,27,0,0,0,0,0,0,0,0,0,0,0,0,0,0,0,0,0,00,0
14466340,1038430,56677817,27,0,0,0,0,0,0,0,0,0,0,0,0,0,0,0,0,0,00,0
14466341,1038430,3547163,27,0,0,0,0,0,0,0,0,0,0,0,0,0,0,0,0,0,00,0
14466342,1038430,17896049,27,0,0,0,0,0,0,0,0,0,0,0,0,0,0,0,0,0,00,0
14466343,1038430,328,27,0,0,0,0,0,0,0,0,0,0,0,0,0,0,0,0,0,00,0
14466412,1038432,112,17,10,7,2,0,0,0,2,5,'0.6666667',3,2,'0.8',5,4,0,0,0,23,1
14466413,1038432,15,17,24,8,1,0,0,1,3,5,1,1,1,'0.6153846',13,8,'0.875',8,7,24,1
14466414,1038432,283,17,0,1,1,2,2,0,0,1,0,2,0,0,2,0,0,0,0,23,0
14466415,1038432,38,17,6,4,4,0,1,0,0,4,'0.3333333',6,2,'0.3333333',6,2,0,0,0,26,2
14466416,1038432,278,17,23,9,7,0,0,3,0,9,'0.4444444',9,4,'0.5714286',14,8,1,3,3,25,3
14466417,1038432,2148,17,0,1,1,0,0,1,1,0,0,0,0,0,2,0,0,2,0,12,1
14466418,1038432,38017676,17,7,3,1,0,0,0,0,3,1,1,1,1,3,3,0,0,0,09,0
14466419,1038432,45,17,7,3,3,1,1,0,1,2,'0.5',2,1,'0.375',8,3,0,0,0,16,1
14466420,1038432,105,17,9,3,5,0,3,1,0,3,'0.2',5,1,'0.4444444',9,4,0,0,0,27,1
14466421,1038432,167,17,8,2,0,0,0,1,1,1,0,1,0,'0.5',4,2,1,4,4,15,1
14466422,1038432,38017733,17,8,1,0,0,0,0,0,1,'0.5',4,2,'0.6',5,3,0,0,0,13,0
14466423,1038432,56677854,17,0,1,1,0,0,1,0,1,0,2,0,0,2,0,0,0,0,07,4
14466424,1038432,377,17,21,8,3,0,0,1,3,5,'0.5',4,2,'0.5625',16,9,1,1,1,20,2
14466425,1038432,56677852,17,0,0,0,0,0,0,0,0,0,0,0,0,0,0,0,0,0,00,0
14466426,1038432,315,17,0,0,0,0,0,0,0,0,0,0,0,0,0,0,0,0,0,00,0
14466427,1038432,38017712,17,0,0,0,0,0,0,0,0,0,0,0,0,0,0,0,0,0,00,0
14466428,1038432,38017691,17,0,0,0,0,0,0,0,0,0,0,0,0,0,0,0,0,0,00,0
14466429,1038432,56677823,4,14,2,2,0,1,1,0,2,'0.2857143',7,2,'0.4285714',14,6,0,0,0,33,0
14466430,1038432,62,4,17,3,0,0,2,3,0,3,'0.2222222',9,2,'0.4',15,6,1,3,3,37,3
14466431,1038432,3547282,4,6,7,0,0,1,1,3,4,0,0,0,'0.4285714',7,3,0,0,0,20,4
14466432,1038432,666748,4,2,6,7,0,0,1,0,6,0,3,0,'0.1428571',7,1,0,0,0,22,2
14466433,1038432,17896036,4,16,4,3,0,2,2,0,4,'0.4',5,2,'0.5',12,6,'0.4',5,2,33,1
14466434,1038432,44,4,12,0,0,0,0,0,0,0,'0.5',8,4,'0.5',8,4,0,0,0,15,1
14466435,1038432,666453,4,0,1,0,0,0,0,0,1,0,0,0,0,0,0,0,0,0,05,0
14466436,1038432,114,4,8,4,4,1,0,1,0,4,'0.3333333',3,1,'0.1666667',6,1,1,5,5,20,1
14466437,1038432,38017708,4,4,2,2,0,0,0,0,2,0,0,0,0,0,0,1,4,4,05,0
14466438,1038432,4197029,4,2,0,3,0,0,2,0,0,0,2,0,'0.25',4,1,0,0,0,16,1
14466439,1038432,18678001,4,0,1,1,1,0,1,0,1,0,0,0,0,1,0,0,0,0,06,0
14466440,1038432,666965,4,4,7,2,0,0,1,2,5,0,3,0,'0.2857143',7,2,0,0,0,28,3
14466441,1038432,56677848,4,0,0,0,0,0,0,0,0,0,0,0,0,0,0,0,0,0,00,0
14466442,1038432,3547239,4,0,0,0,0,0,0,0,0,0,0,0,0,0,0,0,0,0,00,0
14466443,1038432,56677866,4,0,0,0,0,0,0,0,0,0,0,0,0,0,0,0,0,0,00,0
14466444,1038432,64269817,4,0,0,0,0,0,0,0,0,0,0,0,0,0,0,0,0,0,00,0
14466445,1038432,56677846,4,0,0,0,0,0,0,0,0,0,0,0,0,0,0,0,0,0,00,0
14466446,1038432,38017698,4,0,0,0,0,0,0,0,0,0,0,0,0,0,0,0,0,0,00,0
14469719,1038434,56677850,25,17,10,3,0,0,3,6,4,1,2,2,'0.5',12,6,1,3,3,32,6
14469720,1038434,182,25,24,7,6,0,3,3,1,6,'0.6',5,3,'0.467',15,7,'0.875',8,7,40,4
14469721,1038434,22,25,12,10,2,1,2,2,3,7,0,0,0,'0.6666667',9,6,0,0,0,18,1
14469722,1038434,56677791,25,0,3,2,0,2,3,1,2,0,5,0,0,6,0,0,0,0,29,3
14469723,1038434,419,25,26,1,4,0,0,4,0,1,'0.364',11,4,'0.385',26,10,1,2,2,41,3
14469724,1038434,17896094,25,0,0,1,1,0,0,0,0,0,2,0,0,2,0,0,0,0,05,1
14469725,1038434,3547278,25,2,3,1,1,0,1,1,2,0,0,0,'0.5',2,1,0,0,0,11,2
14469726,1038434,56677747,25,0,0,0,0,0,0,0,0,0,0,0,0,0,0,0,0,0,00,0
14469727,1038434,56783340,25,0,3,0,0,0,1,2,1,0,3,0,0,4,0,NULL,0,0,13,3
14469728,1038434,56677829,25,0,0,0,0,0,0,0,0,0,0,0,0,0,0,0,0,0,00,0
14469729,1038434,666923,25,8,1,3,1,2,0,1,0,'0.333',3,1,'0.5',6,3,'0.5',2,1,30,2
14469730,1038434,38017711,25,7,2,2,0,0,0,0,2,NULL,0,0,'0.5',4,2,'0.75',4,3,19,0
14469731,1038434,39613724,25,0,0,0,0,0,0,0,0,0,0,0,0,0,0,0,0,0,00,0
14469732,1038434,65,25,0,0,0,0,0,0,0,0,0,0,0,0,0,0,0,0,0,00,0
14469733,1038434,666476,25,0,0,0,0,0,0,0,0,0,0,0,0,0,0,0,0,0,00,0
14469734,1038434,47957121,25,0,0,0,0,0,0,0,0,0,0,0,0,0,0,0,0,0,00,0
14469735,1038434,38017690,25,0,0,0,0,0,0,0,0,0,0,0,0,0,0,0,0,0,00,0
14469736,1038434,476,25,0,0,0,0,0,0,0,0,0,0,0,0,0,0,0,0,0,00,0
14469737,1038434,79,16,22,4,9,2,4,1,1,3,'0.5',2,1,'0.583',12,7,'0.778',9,7,33,3
14469738,1038434,38017696,16,8,2,0,0,0,0,0,2,'0.5',4,2,'0.6',5,3,0,2,0,15,1
14469739,1038434,4,16,13,9,2,1,0,6,1,8,NULL,0,0,'0.556',9,5,'0.429',7,3,34,3
14469740,1038434,397,16,17,3,3,0,2,2,0,3,'0.667',6,4,'0.625',8,5,1,3,3,34,3
14469741,1038434,403,16,19,4,4,2,1,2,0,4,'0.5',4,2,'0.5',14,7,1,3,3,30,0
14469742,1038434,74,16,0,0,0,0,0,0,0,0,0,0,0,0,0,0,0,0,0,00,0
14469743,1038434,666633,16,0,0,0,0,0,0,0,0,0,0,0,0,0,0,0,0,0,00,0
14469744,1038434,3092,16,2,2,0,1,0,1,0,2,0,1,0,'0.5',2,1,0,0,0,06,2
14469745,1038434,56677785,16,7,3,4,0,0,1,2,1,'0.5',2,1,'0.4',5,2,1,2,2,29,3
14469746,1038434,285,16,8,2,2,1,0,2,1,1,'0.4',5,2,'0.5',6,3,NULL,0,0,14,2
14469747,1038434,666747,16,8,3,1,1,0,3,0,3,1,2,2,'0.5',6,3,NULL,0,0,27,1
14469748,1038434,38017723,16,0,0,0,0,0,0,0,0,0,0,0,0,0,0,0,0,0,00,0
14469749,1038434,487,16,2,2,4,0,1,0,1,1,NULL,0,0,'0.333',3,1,NULL,0,0,17,1
14469750,1038434,38017734,16,0,0,0,0,0,0,0,0,0,0,0,0,0,0,0,0,0,00,0
14469751,1038434,391,16,0,0,0,0,0,0,0,0,0,0,0,0,0,0,0,0,0,00,0
14469752,1038434,39398582,16,0,0,0,0,0,0,0,0,0,0,0,0,0,0,0,0,0,00,0
14469753,1038434,19465585,16,0,0,0,0,0,0,0,0,0,0,0,0,0,0,0,0,0,00,0
14469754,1038434,38017736,16,0,0,0,0,0,0,0,0,0,0,0,0,0,0,0,0,0,00,0
14469755,1038433,666541,21,3,3,1,1,0,1,0,3,'0.2',5,1,'0.1111111',9,1,0,0,0,21,2
14469756,1038433,38017703,21,24,5,5,2,2,3,2,3,'0.667',3,2,'0.647',17,11,NULL,0,0,35,1
14469757,1038433,38017685,21,18,13,2,3,1,2,2,11,'0.25',4,1,'0.462',13,6,1,5,5,34,4
14469758,1038433,17896065,21,14,7,4,0,0,3,1,6,'0.333',3,1,'0.545',11,6,'0.5',2,1,20,1
14469759,1038433,175,21,31,8,3,0,1,2,2,6,'0.667',6,4,'0.524',21,11,'0.833',6,5,32,2
14469760,1038433,48,21,0,0,0,0,0,0,0,0,0,0,0,0,0,0,0,0,0,00,0
14469761,1038433,204,21,5,4,0,0,0,0,1,3,NULL,0,0,'0.4',5,2,1,1,1,19,1
14469762,1038433,3547272,21,2,2,1,0,0,2,1,1,0,0,0,'0.5',2,1,0,0,0,16,0
14469763,1038433,56677853,21,0,0,0,0,1,1,0,0,0,0,0,0,0,0,0,0,0,01,0
14469764,1038433,24572055,21,0,0,0,0,0,0,0,0,0,0,0,0,0,0,0,0,0,00,0
14469765,1038433,56677833,21,2,2,1,0,1,0,0,2,0,2,0,'0.333',3,1,0,2,0,14,0
14469766,1038433,17896078,21,6,2,0,1,0,0,2,0,0,1,0,'0.333',6,2,1,2,2,16,1
14469767,1038433,38017706,21,5,3,2,1,1,0,0,3,1,1,1,1,2,2,NULL,0,0,19,2
14469768,1038433,480,21,0,5,0,0,0,0,0,5,0,2,0,0,2,0,NULL,0,0,12,0
14469769,1038433,38017716,21,0,0,0,0,0,0,0,0,0,0,0,0,0,0,0,0,0,00,0
14469770,1038433,436846673,21,0,0,0,0,0,0,0,0,0,0,0,0,0,0,0,0,0,00,0
14469771,1038433,27924547,21,0,0,0,0,0,0,0,0,0,0,0,0,0,0,0,0,0,00,0
14469772,1038433,66,11,7,4,1,0,0,0,1,3,'0.167',6,1,'0.333',9,3,NULL,0,0,32,2
14469773,1038433,38017684,11,18,13,2,1,1,1,2,11,'0.167',6,1,'0.438',16,7,'0.75',4,3,35,1
14469774,1038433,17896062,11,23,11,6,2,2,5,3,8,0,1,0,'0.615',13,8,'0.583',12,7,36,2
14469775,1038433,17895966,11,16,6,3,0,0,3,1,5,'0.333',6,2,'0.353',17,6,1,2,2,28,2
14469776,1038433,458,11,5,1,5,0,1,2,0,1,'0.143',7,1,'0.182',11,2,NULL,0,0,36,5
14469777,1038433,75,11,0,0,0,0,0,1,0,0,0,1,0,0,1,0,0,0,0,01,1
14469778,1038433,188,11,5,0,3,2,0,1,0,0,'0.5',2,1,'0.667',3,2,NULL,0,0,17,1
14469779,1038433,213,11,10,1,0,1,0,0,1,0,'0.4',5,2,'0.4',10,4,NULL,0,0,16,1
14469780,1038433,19465326,11,0,0,0,0,0,0,0,0,0,0,0,0,0,0,0,0,0,01,0
14469781,1038433,296,11,0,0,0,0,0,0,0,0,0,0,0,0,0,0,0,0,0,00,0
14469782,1038433,3547301,11,0,0,0,0,0,0,0,0,0,0,0,0,0,0,0,0,0,01,0
14469783,1038433,56677825,11,2,8,0,1,0,2,4,4,0,2,0,'0.2',5,1,NULL,0,0,17,1
14469784,1038433,56677831,11,9,1,1,0,1,0,0,1,'0.333',3,1,'0.444',9,4,NULL,0,0,16,0
14469785,1038433,3,11,0,0,0,0,0,0,0,0,0,0,0,0,0,0,0,0,0,00,0
14469786,1038433,38017695,11,0,0,0,0,0,0,0,0,0,0,0,0,0,0,0,0,0,00,0
14469787,1038433,3547281,11,0,0,0,0,0,0,0,0,0,0,0,0,0,0,0,0,0,00,0
14469788,1038433,56677809,11,0,0,0,0,0,0,0,0,0,0,0,0,0,0,0,0,0,00,0
14469789,1038433,47738533,11,0,0,0,0,0,0,0,0,0,0,0,0,0,0,0,0,0,00,0
14471138,1038435,38017686,12,16,4,2,0,0,2,2,2,'0.4444444',9,4,'0.3529412',17,6,0,0,0,30,5
14471139,1038435,416,12,24,11,5,2,0,2,2,9,0,3,0,'0.6111111',18,11,1,2,2,33,3
14471140,1038435,452,12,14,10,0,2,1,0,2,8,0,2,0,'0.4545455',11,5,1,4,4,26,5
14471141,1038435,38017507,12,8,4,1,0,1,1,1,3,1,2,2,'0.4285714',7,3,0,0,0,29,1
14471142,1038435,3547245,12,17,3,13,1,1,1,0,3,'0.375',8,3,'0.4666667',15,7,0,0,0,34,0
14471143,1038435,17896035,12,0,0,0,0,0,0,0,0,0,0,0,0,0,0,0,0,0,00,0
14471144,1038435,242,12,0,0,0,0,0,0,0,0,0,0,0,0,0,0,0,0,0,00,0
14471145,1038435,304,12,8,4,9,0,0,0,3,1,0,0,0,'0.5',8,4,0,0,0,19,0
14471146,1038435,56677861,12,11,1,1,1,2,0,0,1,'0.4285714',7,3,'0.5',8,4,0,0,0,27,4
14471147,1038435,3547264,12,9,7,1,1,0,2,2,5,0,3,0,'0.4444444',9,4,1,1,1,18,3
14471148,1038435,3547243,12,16,6,2,2,0,0,2,4,'0.5',4,2,'0.6666667',9,6,1,2,2,24,0
14471149,1038435,56677832,12,0,0,0,0,0,0,0,0,0,0,0,0,0,0,0,0,0,00,0
14471150,1038435,38017701,12,0,0,0,0,0,0,0,0,0,0,0,0,0,0,0,0,0,00,0
14471151,1038435,305,12,0,0,0,0,0,0,0,0,0,0,0,0,0,0,0,0,0,00,0
14471152,1038435,3547250,12,0,0,0,0,0,0,0,0,0,0,0,0,0,0,0,0,0,00,0
14471153,1038435,56677778,12,0,0,0,0,0,0,0,0,0,0,0,0,0,0,0,0,0,00,0
14471154,1038435,56677794,12,0,0,0,0,0,0,0,0,0,0,0,0,0,0,0,0,0,00,0
14471155,1038435,227,19,30,6,4,0,0,1,1,5,'0.2',5,1,'0.4',20,8,1,13,13,29,1
14471156,1038435,666969,19,23,3,4,0,0,1,1,2,'0.5',2,1,'0.5',20,10,'0.4',5,2,32,2
14471157,1038435,455,19,0,3,0,0,0,0,0,3,0,0,0,0,1,0,0,0,0,07,0
14471158,1038435,303,19,23,6,3,0,0,1,2,4,'0.625',8,5,'0.4285714',21,9,0,0,0,34,3
14471159,1038435,17896024,19,14,4,1,1,0,0,1,3,'0.3333333',3,1,'0.5555556',9,5,'0.75',4,3,38,4
14471160,1038435,17896097,19,0,0,0,0,0,0,0,0,0,0,0,0,0,0,0,0,0,00,0
14471161,1038435,17896092,19,0,0,0,0,0,0,0,0,0,0,0,0,0,0,0,0,0,00,0
14471162,1038435,56677837,19,7,0,2,0,0,1,0,0,'0.3333333',3,1,'0.6',5,3,0,0,0,18,1
14471163,1038435,3547293,19,0,8,4,2,1,4,0,8,0,0,0,0,0,0,0,0,0,28,0
14471164,1038435,18677986,19,11,4,7,0,1,0,1,3,'0.25',8,2,'0.3636364',11,4,1,1,1,31,0
14471165,1038435,340,19,6,6,1,1,0,2,1,5,0,0,0,1,3,3,0,0,0,23,1
14471166,1038435,17896021,19,0,0,0,0,0,0,0,0,0,0,0,0,0,0,0,0,0,00,0
14471167,1038435,17896017,19,0,0,0,0,0,0,0,0,0,0,0,0,0,0,0,0,0,00,0
14471168,1038435,38017726,19,0,0,0,0,0,0,0,0,0,0,0,0,0,0,0,0,0,00,0
14471169,1038435,491,19,0,0,0,0,0,0,0,0,0,0,0,0,0,0,0,0,0,00,0
14471170,1038435,38017677,19,0,0,0,0,0,0,0,0,0,0,0,0,0,0,0,0,0,00,0
14471171,1038435,24102469,19,0,0,0,0,0,0,0,0,0,0,0,0,0,0,0,0,0,00,0
14471172,1038435,38017663,19,0,0,0,0,0,0,0,0,0,0,0,0,0,0,0,0,0,00,0
14471173,1038436,666423,28,26,5,6,0,0,1,0,5,'0.6666667',6,4,'0.5625',16,9,'0.4444444',9,4,35,0
14471174,1038436,17896055,28,19,11,7,1,3,4,5,6,0,5,0,'0.4090909',22,9,'0.3333333',3,1,39,2
14471175,1038436,373,28,16,7,6,3,4,0,3,4,0,0,0,'0.5833333',12,7,'0.6666667',3,2,29,4
14471176,1038436,3089,28,11,4,0,0,1,0,0,4,'0.4',5,2,'0.375',8,3,'0.75',4,3,33,1
14471177,1038436,3547269,28,28,5,9,0,2,1,0,5,'0.4545455',11,5,'0.5555556',18,10,'0.75',4,3,38,3
14471178,1038436,38017620,28,0,1,1,0,0,1,1,0,0,1,0,0,1,0,0,0,0,08,3
14471179,1038436,69,28,5,8,3,0,0,0,3,5,0,2,0,0,5,0,1,5,5,21,2
14471180,1038436,17896091,28,0,0,0,0,0,0,0,0,0,0,0,0,0,0,0,0,0,00,0
14471181,1038436,56677828,28,7,3,0,0,0,1,0,3,'0.3333333',3,1,'0.5',6,3,0,0,0,19,2
14471182,1038436,666762,28,0,0,0,0,0,0,0,0,0,0,0,0,0,0,0,0,0,00,0
14471183,1038436,3547207,28,0,0,0,0,0,0,0,0,0,0,0,0,0,0,0,0,0,00,0
14471184,1038436,358,28,13,0,2,0,1,3,0,0,'0.5',2,1,'0.5',10,5,1,2,2,18,4
14471185,1038436,436,28,0,0,0,0,0,0,0,0,0,0,0,0,0,0,0,0,0,00,0
14471186,1038436,58,28,0,0,0,0,0,0,0,0,0,0,0,0,0,0,0,0,0,00,0
14471187,1038436,56677805,28,0,0,0,0,0,0,0,0,0,0,0,0,0,0,0,0,0,00,0
14471188,1038436,56677869,28,0,0,0,0,0,0,0,0,0,0,0,0,0,0,0,0,0,00,0
14471189,1038436,2309958,28,0,0,0,0,0,0,0,0,0,0,0,0,0,0,0,0,0,00,0
14471190,1038436,3547258,7,5,7,1,0,0,2,2,5,'0.3333333',3,1,'0.5',4,2,0,0,0,31,1
14471191,1038436,666950,7,23,7,1,3,0,2,3,4,'0.5',10,5,'0.5',18,9,0,0,0,31,1
14471192,1038436,56677840,7,9,4,1,5,2,0,1,3,0,0,0,1,4,4,'0.5',2,1,23,1
14471193,1038436,228,7,29,1,3,1,2,1,0,1,'0.3333333',6,2,'0.55',20,11,1,5,5,35,4
14471194,1038436,132,7,30,11,16,0,2,5,1,10,'0.125',8,1,'0.4782609',23,11,'0.7777778',9,7,36,3
14471195,1038436,151,7,4,3,5,0,0,0,0,3,1,1,1,'0.5',2,1,'0.5',2,1,17,2
14471196,1038436,666577,7,13,7,1,1,1,4,4,3,0,0,0,'0.8571429',7,6,1,1,1,25,4
14471197,1038436,191,7,16,4,4,0,0,0,0,4,'0.4',10,4,'0.3846154',13,5,1,2,2,25,3
14471198,1038436,38017679,7,0,0,0,0,0,0,0,0,0,0,0,0,0,0,0,0,0,00,0
14471199,1038436,247,7,5,6,1,1,0,0,0,6,'0.25',4,1,'0.4',5,2,0,0,0,15,1
14471200,1038436,17554004,7,2,1,0,0,0,0,1,0,0,0,0,1,1,1,0,0,0,01,0
14471201,1038436,329,7,0,0,0,0,0,0,0,0,0,0,0,0,0,0,0,0,0,00,0
14471202,1038436,379,7,0,0,0,0,0,0,0,0,0,0,0,0,0,0,0,0,0,00,0
14471203,1038436,56677859,7,0,0,0,0,0,0,0,0,0,1,0,0,1,0,0,0,0,01,0
14471204,1038436,17896028,7,0,0,0,0,0,0,0,0,0,0,0,0,0,0,0,0,0,00,0
14471205,1038436,257,7,0,0,0,0,0,0,0,0,0,0,0,0,0,0,0,0,0,00,0
14471206,1038436,24489167,7,0,0,0,0,0,0,0,0,0,0,0,0,0,0,0,0,0,00,0
14471345,1038438,125,5,18,7,4,0,0,0,2,5,'0.3333333',3,1,'0.3125',16,5,'0.875',8,7,35,3
14471346,1038438,137,5,13,19,1,2,0,3,7,12,0,0,0,'0.6',10,6,'0.5',2,1,28,2
14471347,1038438,460,5,21,13,5,2,2,4,6,7,'0.4',5,2,'0.4285714',21,9,'0.5',2,1,32,4
14471348,1038438,17895983,5,16,2,2,1,1,3,0,2,'0.375',8,3,'0.3636364',11,4,'0.8333333',6,5,34,0
14471349,1038438,666956,5,12,5,9,1,0,1,2,3,'0.1666667',12,2,'0.2777778',18,5,0,0,0,37,1
14471350,1038438,56677874,5,8,3,0,0,0,2,0,3,1,2,2,1,3,3,0,0,0,17,1
14471351,1038438,87,5,4,1,0,0,1,0,1,0,0,0,0,'0.6666667',3,2,0,0,0,13,0
14471352,1038438,64268019,5,0,0,0,0,0,0,0,0,0,0,0,0,0,0,0,0,0,00,0
14471353,1038438,907726640,5,0,0,0,0,0,0,0,0,0,0,0,0,0,0,0,0,0,00,0
14471354,1038438,56677857,5,7,5,2,0,1,0,3,2,'0.5',2,1,'0.3333333',6,2,'0.6666667',3,2,14,1
14471355,1038438,56677860,5,0,0,0,0,0,0,0,0,0,0,0,0,0,0,0,0,0,00,0
14471356,1038438,17896116,5,0,1,0,0,0,0,0,1,0,0,0,0,2,0,0,0,0,04,1
14471357,1038438,38017719,5,0,1,0,0,0,0,0,1,0,0,0,0,0,0,0,0,0,09,0
14471358,1038438,27,5,0,0,0,0,0,0,0,0,0,0,0,0,0,0,0,0,0,00,0
14471359,1038438,89,5,0,0,0,0,0,0,0,0,0,0,0,0,0,0,0,0,0,00,0
14471360,1038438,110,5,0,0,0,0,0,0,0,0,0,0,0,0,0,0,0,0,0,00,0
14471361,1038438,268,5,0,0,0,0,0,0,0,0,0,0,0,0,0,0,0,0,0,00,0
14471362,1038438,3547248,5,0,0,0,0,0,0,0,0,0,0,0,0,0,0,0,0,0,00,0
14471363,1038438,666908,6,5,3,4,0,1,1,1,2,'0.1666667',6,1,'0.25',8,2,0,0,0,24,3
14471364,1038438,17896076,6,25,9,1,4,1,2,2,7,'0.5',2,1,'0.7333333',15,11,'0.5',4,2,30,1
14471365,1038438,9,6,11,4,4,1,1,0,1,3,0,0,0,'0.4166667',12,5,'0.5',2,1,30,2
14471366,1038438,322,6,8,5,3,0,0,4,0,5,'0.4',5,2,'0.4',5,2,'0.6666667',3,2,31,2
14471367,1038438,666581,6,20,2,5,0,1,0,0,2,'0.5454546',11,6,'0.4375',16,7,0,0,0,31,2
14471368,1038438,17896029,6,0,0,0,0,0,0,0,0,0,0,0,0,0,0,0,0,0,00,0
14471369,1038438,248,6,0,0,0,0,0,0,0,0,0,0,0,0,0,0,0,0,0,00,0
14471370,1038438,277,6,11,7,12,2,1,2,0,7,'0.5',4,2,'0.5',8,4,'0.5',2,1,28,1
14471371,1038438,3547299,6,0,0,0,0,0,0,0,0,0,0,0,0,0,0,0,0,0,00,0
14471372,1038438,344,6,2,1,0,0,0,1,0,1,0,3,0,'0.2',5,1,0,0,0,11,0
14471373,1038438,3547247,6,13,0,2,1,1,0,0,0,'0.6',5,3,'0.625',8,5,0,0,0,24,1
14471374,1038438,666940,6,5,2,1,2,0,0,0,2,'0.5',2,1,'0.5',2,1,1,2,2,14,1
14471375,1038438,56677847,6,0,0,0,0,0,0,0,0,0,0,0,0,0,0,0,0,0,00,0
14471376,1038438,666676,6,0,0,0,0,0,0,0,0,0,0,0,0,0,0,0,0,0,00,0
14471377,1038438,38017662,6,0,0,0,0,0,0,0,0,0,0,0,0,0,0,0,0,0,00,0
14471378,1038438,64270026,6,0,0,0,0,0,0,0,0,0,0,0,0,0,0,0,0,0,00,0
14471379,1038438,56677872,6,0,0,0,0,0,0,0,0,0,0,0,0,0,0,0,0,0,00,0
14471380,1038438,444,6,0,0,0,0,0,0,0,0,0,0,0,0,0,0,0,0,0,00,0
14471415,1038437,3547259,18,10,1,3,2,0,1,0,1,'0.5',4,2,'0.6666667',6,4,0,0,0,30,4
14471416,1038437,447,18,13,8,2,2,2,4,0,8,'0.5',6,3,'0.4545455',11,5,0,0,0,33,1
14471417,1038437,176,18,8,8,0,2,1,3,2,6,0,0,0,'0.75',4,3,'0.5',4,2,27,2
14471418,1038437,3547238,18,30,2,3,0,0,3,0,2,'0.25',4,1,'0.5294118',17,9,1,11,11,36,2
14471419,1038437,104,18,4,4,7,0,0,2,1,3,'0.25',4,1,'0.25',4,1,'0.5',2,1,26,1
14471420,1038437,666400,18,12,0,5,4,0,0,0,0,'0.5',2,1,'0.5555556',9,5,1,1,1,20,1
14471421,1038437,17896056,18,0,0,0,0,0,0,0,0,0,0,0,0,0,0,0,0,0,00,0
14471422,1038437,235,18,0,0,0,0,0,0,0,0,0,0,0,0,0,0,0,0,0,00,0
14471423,1038437,666767,18,3,0,1,0,0,0,0,0,'0.5',2,1,'0.5',2,1,0,0,0,04,0
14471424,1038437,38017715,18,0,0,0,0,0,0,0,0,0,0,0,0,0,0,0,0,0,00,0
14471425,1038437,38017700,18,0,0,0,0,0,0,0,0,0,0,0,0,0,0,0,0,0,00,0
14471426,1038437,330,18,5,4,5,0,0,0,0,4,'0.5',2,1,'0.3333333',6,2,0,1,0,19,1
14471427,1038437,17895968,18,0,0,0,0,0,0,0,0,0,0,0,0,0,0,0,0,0,00,0
14471428,1038437,667378,18,19,6,2,2,0,0,1,5,'0.6666667',6,4,'0.5454546',11,6,1,3,3,25,5
14471429,1038437,12,18,0,0,0,0,0,0,0,0,0,0,0,0,0,0,0,0,0,00,0
14471430,1038437,56677851,18,0,0,0,0,0,0,0,0,0,0,0,0,0,0,0,0,0,00,0
14471431,1038437,56677782,18,0,0,0,0,0,0,0,0,0,0,0,0,0,0,0,0,0,00,0
14471432,1038437,38017731,15,9,5,6,1,1,2,2,3,'0.2',5,1,'0.2666667',15,4,0,0,0,27,3
14471433,1038437,17896067,15,11,4,1,2,2,2,1,3,'0.5',2,1,'0.4166667',12,5,0,0,0,31,2
14471434,1038437,231,15,32,13,1,0,3,2,4,9,'0.4285714',7,3,'0.5789474',19,11,'0.875',8,7,34,4
14471435,1038437,17896027,15,16,5,2,0,0,1,3,2,'0.4',5,2,'0.4615385',13,6,1,2,2,32,2
14471436,1038437,18678058,15,5,8,8,0,2,2,3,5,'0.3333333',3,1,'0.125',8,1,1,2,2,31,2
14471437,1038437,17896050,15,0,0,0,0,0,0,0,0,0,0,0,0,0,0,0,0,0,00,0
14471438,1038437,56677830,15,14,3,0,0,0,2,2,1,'0.6666667',3,2,'0.8333333',6,5,1,2,2,23,1
14471439,1038437,666703,15,0,0,0,0,0,0,0,0,0,0,0,0,0,0,0,0,0,00,0
14471440,1038437,38017728,15,5,5,2,0,0,0,1,4,'0.25',4,1,'0.25',4,1,1,2,2,19,1
14471441,1038437,401,15,2,0,1,0,0,1,0,0,0,0,0,'0.5',2,1,0,0,0,06,0
14471442,1038437,3547279,15,4,1,0,1,0,1,1,0,0,1,0,'0.3333333',6,2,0,0,0,10,5
14471443,1038437,470,15,0,1,2,0,0,0,0,1,0,1,0,0,1,0,0,0,0,07,1
14471444,1038437,3547287,15,0,0,0,0,0,0,0,0,0,0,0,0,0,0,0,0,0,00,0
14471445,1038437,666505,15,0,0,0,0,0,0,0,0,0,0,0,0,0,0,0,0,0,00,0
14471446,1038437,64269023,15,0,0,0,0,0,0,0,0,0,0,0,0,0,0,0,0,0,00,0
14471447,1038437,254,15,0,0,0,0,0,0,0,0,0,0,0,0,0,0,0,0,0,00,0
14471448,1038437,666786,15,0,0,0,0,0,0,0,0,0,0,0,0,0,0,0,0,0,00,0
14471449,1038437,38017656,15,0,0,0,0,0,0,0,0,0,0,0,0,0,0,0,0,0,00,0
14471450,1038437,420,15,0,0,0,0,0,0,0,0,0,0,0,0,0,0,0,0,0,00,0
14472544,1038439,375,8,7,3,1,1,0,2,0,3,'0.25',4,1,'0.3333333',6,2,1,2,2,16,1
14472545,1038439,177,8,13,5,3,0,1,0,0,5,0,0,0,1,5,5,'0.75',4,3,16,0
14472546,1038439,246,8,10,8,6,1,1,2,0,8,0,0,0,'0.6666667',6,4,1,2,2,20,1
14472547,1038439,81,8,5,2,3,0,0,0,1,1,'0.5',2,1,'0.4',5,2,0,0,0,17,1
14472548,1038439,335,8,18,2,5,0,0,2,0,2,'0.8',5,4,'0.7777778',9,7,0,0,0,18,0
14472549,1038439,38017709,8,3,1,0,0,0,0,0,1,'0.25',4,1,'0.25',4,1,0,0,0,07,1
14472550,1038439,215,8,0,0,0,0,0,0,0,0,0,1,0,0,1,0,0,0,0,04,0
14472551,1038439,17896103,8,0,0,0,0,0,0,0,0,0,0,0,0,0,0,0,0,0,00,0
14472552,1038439,236,8,5,1,3,0,0,0,0,1,1,1,1,'0.5',4,2,0,0,0,10,0
14472553,1038439,250,8,0,0,0,0,0,0,0,0,0,0,0,0,0,0,0,0,0,00,0
14472554,1038439,3547268,8,0,1,0,1,0,0,0,1,0,1,0,0,2,0,0,0,0,04,2
14472555,1038439,56677582,8,0,0,0,0,0,0,0,0,0,0,0,0,0,0,0,0,0,00,0
14472556,1038439,56677776,8,0,0,0,0,0,0,0,0,0,0,0,0,0,0,0,0,0,00,0
14472557,1038439,56677871,8,0,0,0,0,0,0,0,0,0,0,0,0,0,0,0,0,0,00,0
14472558,1038439,38017721,8,4,1,0,0,0,0,0,1,0,0,0,'0.6666667',3,2,0,0,0,08,1
14472559,1038439,666489,8,0,0,0,0,0,0,0,0,0,0,0,0,0,0,0,0,0,00,0
14472560,1038439,38017727,8,0,0,0,0,0,0,0,0,0,0,0,0,0,0,0,0,0,00,0
14472561,1038439,17896007,8,0,0,0,0,0,0,0,0,0,0,0,0,0,0,0,0,0,00,0
14472562,1038439,30,26,5,4,3,0,0,0,1,3,'0.3333333',3,1,'0.25',4,1,1,2,2,16,0
14472563,1038439,38017688,26,15,4,0,0,1,1,2,2,'0.5',6,3,'0.4285714',14,6,0,0,0,22,1
14472564,1038439,406,26,10,6,4,0,0,1,3,3,0,1,0,'0.4444444',9,4,1,2,2,19,0
14472565,1038439,221,26,4,1,2,0,0,2,0,1,0,1,0,'0.4',5,2,0,0,0,14,1
14472566,1038439,17553994,26,5,1,2,0,0,0,0,1,'0.5',2,1,'0.5',4,2,0,0,0,10,1
14472567,1038439,17896030,26,3,0,1,1,0,0,0,0,'0.3333333',3,1,'0.3333333',3,1,0,0,0,10,0
14472568,1038439,17896044,26,0,0,0,0,0,0,0,0,0,0,0,0,0,0,0,0,0,00,0
14472569,1038439,38017714,26,0,0,0,0,0,0,0,0,0,0,0,0,0,0,0,0,0,00,0
14472570,1038439,3547291,26,0,0,0,0,0,0,0,0,0,0,0,0,0,0,0,0,0,00,0
14472571,1038439,273,26,0,1,0,1,0,0,1,0,0,0,0,0,1,0,0,0,0,05,0
14472572,1038439,290,26,2,2,1,0,0,0,0,2,0,1,0,'0.25',4,1,0,0,0,08,1
14472573,1038439,306,26,0,0,0,0,0,0,0,0,0,0,0,0,0,0,0,0,0,00,0
14472574,1038439,324,26,11,4,3,0,1,0,1,3,'0.5',2,1,'0.4545455',11,5,0,0,0,16,2
14472575,1038439,17895990,26,0,0,0,0,0,0,0,0,0,0,0,0,0,0,0,0,0,00,0
14472576,1038439,161,26,0,0,0,0,0,0,0,0,0,0,0,0,0,0,0,0,0,00,0
14472577,1038439,56677845,26,0,0,0,0,0,0,0,0,0,0,0,0,0,0,0,0,0,00,0
14472578,1038439,56677862,26,0,0,0,0,0,0,0,0,0,0,0,0,0,0,0,0,0,00,0
14472579,1038439,4197162,26,0,0,0,0,0,0,0,0,0,0,0,0,0,0,0,0,0,00,0
