'box_score_id','game_id','player_id','reb','ast','blk','stl','turnover','oreb','dreb','fg3_pct','fg3a','fg3m','fg_pct','fga','fgm','ft_pct','fta','ftm','min','pf'
14431294,1038364,17896026,22,15,7,2,0,0,2,1,6,'0.2',5,1,'0.3125',16,5,1,4,4,34,2
14431295,1038363,61,3,27,2,3,0,1,2,0,2,'0.375',8,3,'0.5',20,10,1,4,4,40,3
14431296,1038364,38017683,22,23,6,10,1,0,4,0,6,0,3,0,'0.6',15,9,'0.8333333',6,5,36,1
14431297,1038364,85,22,22,6,1,0,0,3,0,6,'0.25',4,1,'0.6428571',14,9,1,3,3,31,5
14431298,1038364,17896073,22,17,7,4,0,1,2,3,4,'0.3333333',12,4,'0.3846154',13,5,'0.75',4,3,33,4
14431299,1038364,165,22,4,7,4,0,1,1,4,3,0,0,0,'0.4',5,2,0,0,0,19,0
14431300,1038364,3547251,22,5,4,1,0,1,0,1,3,'0.5',2,1,'0.25',8,2,0,0,0,13,1
14431301,1038363,158,3,3,2,1,1,1,0,0,2,0,1,0,'0.5',2,1,'0.5',2,1,19,1
14431302,1038364,666442,22,0,1,1,0,0,0,0,1,0,0,0,0,0,0,0,0,0,02,0
14431303,1038363,666508,3,10,8,1,2,0,1,2,6,0,0,0,'0.8',5,4,'0.5',4,2,28,4
14431304,1038364,56677827,22,1,0,0,0,0,1,0,0,0,0,0,0,0,0,'0.5',2,1,02,0
14431305,1038363,17896048,3,26,2,4,0,2,3,1,1,'0.5714286',7,4,'0.5',20,10,1,2,2,34,5
14431306,1038364,196,22,6,2,1,2,1,1,1,1,'0.6666667',3,2,'0.6666667',3,2,0,0,0,25,2
14431307,1038363,417,3,5,6,8,0,0,1,1,5,0,0,0,'0.2',5,1,'0.5',6,3,24,4
14431308,1038364,38017724,22,0,1,1,0,0,0,0,1,0,0,0,0,0,0,0,0,0,02,0
14431309,1038363,32,3,0,0,0,0,0,0,0,0,0,0,0,0,0,0,0,0,0,00,0
14431310,1038364,56677839,22,3,0,0,0,0,0,0,0,'0.5',2,1,'0.5',2,1,0,0,0,02,1
14431311,1038363,56677843,3,0,0,0,0,0,0,0,0,0,0,0,0,0,0,0,0,0,00,0
14431312,1038363,17896041,3,0,0,0,0,0,0,0,0,0,0,0,0,0,0,0,0,0,00,0
14431313,1038364,226,22,0,1,3,0,0,0,0,1,0,0,0,0,1,0,0,0,0,10,0
14431314,1038364,229,22,3,1,1,0,2,1,0,1,0,3,0,'0.1666667',6,1,'0.5',2,1,15,1
14431315,1038364,666818,22,3,0,0,0,0,0,0,0,1,1,1,1,1,1,0,0,0,02,0
14431316,1038363,409,3,9,5,3,0,0,3,0,5,'0.2857143',7,2,'0.3',10,3,'0.3333333',3,1,32,1
14431317,1038364,462,22,11,5,0,0,0,1,4,1,0,1,0,'0.5714286',7,4,'0.75',4,3,14,2
14431318,1038363,17896038,3,6,4,1,0,0,0,2,2,0,0,0,'0.6666667',3,2,1,2,2,08,2
14431319,1038363,421,3,0,1,2,0,0,2,0,1,0,2,0,0,2,0,0,0,0,15,0
14431320,1038363,464,3,15,3,3,0,2,0,0,3,'0.6',5,3,'0.625',8,5,'0.6666667',3,2,17,0
14431321,1038364,38017607,22,0,0,0,0,0,0,0,0,0,0,0,0,0,0,0,0,0,00,0
14431322,1038363,17896058,3,0,0,0,0,0,0,0,0,0,0,0,0,0,0,0,0,0,00,0
14431323,1038364,17553983,22,0,0,0,0,0,0,0,0,0,0,0,0,0,0,0,0,0,00,0
14431324,1038363,56677722,3,9,4,2,0,0,0,1,3,1,3,3,'0.75',4,3,0,0,0,23,1
14431325,1038363,666679,3,0,0,0,0,0,0,0,0,0,0,0,0,0,0,0,0,0,00,0
14431326,1038364,666885,22,0,0,0,0,0,0,0,0,0,0,0,0,0,0,0,0,0,00,0
14431327,1038363,56677841,3,0,0,0,0,0,0,0,0,0,0,0,0,0,0,0,0,0,00,0
14431328,1038363,434,2,41,14,5,1,2,2,0,14,'0.4545455',11,5,'0.5384616',26,14,1,8,8,39,3
14431329,1038364,666541,21,8,4,4,0,2,1,0,4,'0.5',4,2,'0.6',5,3,0,0,0,31,1
14431330,1038363,70,2,19,1,4,0,1,4,1,0,'0.1666667',6,1,'0.368421',19,7,'0.6666667',6,4,38,5
14431331,1038363,219,2,16,6,4,0,1,0,1,5,1,2,2,1,6,6,1,2,2,37,0
14431332,1038364,38017703,21,33,2,3,0,1,3,0,2,'0.5',6,3,'0.6666667',18,12,'0.8571429',7,6,35,3
14431333,1038364,38017685,21,13,9,1,5,1,1,2,7,'0.3333333',3,1,'0.5',8,4,1,4,4,32,5
14431334,1038364,17896065,21,10,5,5,0,0,1,1,4,0,3,0,'0.625',8,5,0,0,0,27,1
14431335,1038363,473,2,16,2,3,0,0,2,0,2,'0.5',6,3,'0.5454546',11,6,1,1,1,38,1
14431336,1038363,214,2,14,5,12,0,2,3,0,5,'0.5',4,2,'0.6',10,6,0,0,0,35,5
14431337,1038364,175,21,32,3,5,1,2,1,0,3,1,1,1,'0.4583333',24,11,'0.9',10,9,34,5
14431338,1038363,666468,2,1,1,1,0,0,0,1,0,0,0,0,0,0,0,'0.25',4,1,09,0
14431339,1038363,17896060,2,3,2,0,0,0,0,1,1,'0.3333333',3,1,'0.3333333',3,1,0,0,0,14,2
14431340,1038363,261,2,5,5,1,0,0,1,2,3,0,0,0,1,2,2,'0.5',2,1,15,5
14431341,1038363,338,2,0,0,0,0,0,0,0,0,0,0,0,0,0,0,0,0,0,00,0
14431342,1038364,38017716,21,2,1,4,0,1,1,1,0,0,2,0,0,2,0,1,2,2,09,1
14431343,1038364,3547272,21,10,1,1,0,0,2,0,1,'0.3333333',3,1,'0.6666667',6,4,1,1,1,13,2
14431344,1038364,3547271,21,0,0,0,0,0,0,0,0,0,0,0,0,0,0,0,0,0,00,0
14431345,1038364,56677833,21,8,2,1,1,0,0,0,2,'0.5',4,2,'0.6',5,3,0,0,0,16,0
14431346,1038364,27924547,21,0,0,0,0,1,0,0,0,0,0,0,0,0,0,0,0,0,02,0
14431347,1038363,3547276,2,3,3,1,0,0,1,1,2,'0.2',5,1,'0.1666667',6,1,0,0,0,15,3
14431348,1038364,17896078,21,5,1,0,1,1,1,0,1,'0.5',2,1,'0.5',4,2,0,0,0,15,1
14431349,1038364,38017706,21,6,1,2,0,0,0,0,1,'0.6666667',3,2,'0.6666667',3,2,0,0,0,16,1
14431350,1038364,480,21,0,2,2,0,0,0,0,2,0,1,0,0,1,0,0,0,0,10,0
14431351,1038363,17553967,2,0,0,0,0,0,0,0,0,0,0,0,0,0,0,0,0,0,00,0
14431352,1038364,48,21,0,0,0,0,0,0,0,0,0,0,0,0,0,0,0,0,0,00,0
14431353,1038363,56677864,2,0,0,0,0,0,0,0,0,0,0,0,0,0,0,0,0,0,00,0
14431354,1038363,38017707,2,0,0,0,0,0,0,0,0,0,0,0,0,0,0,0,0,0,00,0
14431355,1038363,64270311,2,0,0,0,0,0,0,0,0,0,0,0,0,0,0,0,0,0,00,0
14431356,1038363,378,2,0,0,0,0,0,0,0,0,0,0,0,0,0,0,0,0,0,00,0
14431357,1038364,436846673,21,0,0,0,0,0,0,0,0,0,0,0,0,0,0,0,0,0,00,0
14431358,1038363,17896025,2,0,0,0,0,0,0,0,0,0,0,0,0,0,0,0,0,0,00,0
14431359,1038363,3547285,2,0,0,0,0,0,0,0,0,0,0,0,0,0,0,0,0,0,00,0
14431360,1038364,204,21,0,0,0,0,0,0,0,0,0,0,0,0,0,0,0,0,0,00,0
14431361,1038364,56677853,21,0,0,0,0,0,0,0,0,0,0,0,0,0,0,0,0,0,00,0
14431362,1038364,24572055,21,0,0,0,0,0,0,0,0,0,0,0,0,0,0,0,0,0,00,0
14431501,1038365,112,17,2,1,1,0,0,1,1,0,0,0,0,1,1,1,0,0,0,18,0
14431502,1038365,15,17,23,11,8,2,0,5,2,9,'0.5',2,1,'0.6111111',18,11,0,0,0,34,0
14431503,1038365,283,17,7,3,0,1,0,2,0,3,'0.1666667',6,1,'0.3333333',9,3,0,0,0,23,2
14431504,1038365,38,17,16,3,0,0,3,1,0,3,'0.5',8,4,'0.6',10,6,0,0,0,28,1
14431505,1038365,278,17,16,2,5,0,0,3,0,2,'0.2857143',7,2,'0.3571429',14,5,1,4,4,32,1
14431506,1038365,2148,17,2,0,1,0,0,0,0,0,0,0,0,1,1,1,0,0,0,08,1
14431507,1038365,38017676,17,8,2,0,0,1,2,1,1,'0.5',2,1,'0.5',4,2,'0.75',4,3,08,1
14431508,1038365,45,17,3,2,2,0,1,2,0,2,1,1,1,'0.3333333',3,1,0,0,0,13,1
14431509,1038365,105,17,0,6,3,0,1,1,0,6,0,1,0,0,2,0,0,0,0,24,3
14431510,1038365,38017733,17,4,3,0,1,1,1,0,3,'0.1666667',6,1,'0.1428571',7,1,1,1,1,15,0
14431511,1038365,56677852,17,0,1,2,0,0,0,0,1,0,1,0,0,1,0,0,0,0,08,0
14431512,1038365,56677854,17,0,0,0,0,0,0,0,0,0,0,0,0,0,0,0,0,0,00,0
14431513,1038365,377,17,16,4,2,0,0,0,1,3,'0.4',5,2,'0.5',12,6,1,2,2,25,2
14431514,1038365,38017691,17,0,0,0,0,1,0,0,0,0,0,0,0,1,0,0,0,0,04,0
14431515,1038365,315,17,0,0,0,0,0,0,0,0,0,0,0,0,0,0,0,0,0,00,0
14431516,1038365,666747,16,2,1,2,1,0,1,0,1,0,2,0,'0.3333333',3,1,0,0,0,25,2
14431517,1038365,38017696,16,24,7,3,0,1,0,0,7,'0.625',8,5,'0.6153846',13,8,'0.75',4,3,31,1
14431518,1038365,4,16,16,12,11,0,2,3,5,7,0,0,0,'0.5714286',14,8,0,0,0,31,2
14431519,1038365,397,16,23,3,5,1,2,0,0,3,'0.75',8,6,'0.6666667',12,8,1,1,1,26,1
14431520,1038365,666633,16,19,3,5,0,0,1,0,3,'0.375',8,3,'0.4375',16,7,1,2,2,30,0
14431521,1038365,74,16,0,0,0,0,0,0,0,0,0,0,0,0,0,0,0,0,0,00,0
14431522,1038365,38017734,16,2,2,0,0,0,0,1,1,0,0,0,0,1,0,1,2,2,06,1
14431523,1038365,3092,16,2,4,0,1,2,0,0,4,0,2,0,'0.25',4,1,0,0,0,23,1
14431524,1038365,56677785,16,12,3,4,0,0,3,1,2,0,2,0,'0.4166667',12,5,'0.6666667',3,2,28,3
14431525,1038365,285,16,19,8,3,0,2,1,0,8,'0.7142857',7,5,'0.75',8,6,'0.5',4,2,23,2
14431526,1038365,39398582,16,2,2,0,0,1,1,0,2,0,0,0,1,1,1,0,0,0,05,0
14431527,1038365,38017736,16,2,1,1,0,0,3,0,1,0,2,0,0,2,0,1,2,2,06,0
14431528,1038365,38017723,16,0,1,0,0,0,1,0,1,0,1,0,0,1,0,0,0,0,06,0
14431529,1038365,79,16,0,0,0,0,0,0,0,0,0,0,0,0,0,0,0,0,0,00,0
14431530,1038365,391,16,0,0,0,0,0,0,0,0,0,0,0,0,0,0,0,0,0,00,0
14431531,1038365,403,16,0,0,0,0,0,0,0,0,0,0,0,0,0,0,0,0,0,00,0
14431532,1038365,19465585,16,0,0,0,0,0,0,0,0,0,0,0,0,0,0,0,0,0,00,0
14432782,1038366,8,24,19,4,4,1,0,2,1,3,'0.4',5,2,'0.7',10,7,1,3,3,39,3
14432783,1038366,140,24,28,11,4,0,1,3,2,9,'0.4',5,2,'0.647',17,11,'0.667',6,4,38,2
14432784,1038366,349,24,9,9,2,2,2,1,2,7,NULL,0,0,'0.5',6,3,'0.75',4,3,25,3
14432785,1038366,37,24,5,1,0,0,0,0,0,1,1,1,1,1,2,2,0,0,0,05,0
14432786,1038366,57,24,25,3,9,0,3,3,1,2,0,2,0,'0.412',17,7,'0.846',13,11,38,3
14432787,1038366,666451,24,0,0,0,0,0,0,0,0,0,1,0,0,1,0,0,0,0,02,0
14432788,1038366,147,24,2,0,1,0,0,0,0,0,0,0,0,1,1,1,0,0,0,06,0
14432789,1038366,178,24,23,3,3,1,0,0,0,3,'0.4444444',9,4,'0.4705882',17,8,1,3,3,27,1
14432790,1038366,666729,24,3,2,0,1,0,1,0,2,'0.5',2,1,'0.3333333',3,1,0,0,0,10,0
14432791,1038366,3547253,24,0,0,0,0,0,0,0,0,0,0,0,0,0,0,0,0,0,00,0
14432792,1038366,351,24,9,4,5,1,4,0,0,4,'0.4',5,2,'0.429',7,3,'0.333',3,1,30,4
14432793,1038366,356,24,7,2,1,0,1,2,1,1,1,1,1,'0.25',4,1,1,4,4,19,0
14432794,1038366,38017729,24,0,0,0,0,0,0,0,0,0,0,0,0,0,0,0,0,0,00,0
14432795,1038366,3547095,24,0,0,0,0,0,0,0,0,0,0,0,0,0,0,0,0,0,00,0
14432796,1038366,272,24,0,0,0,0,0,0,0,0,0,0,0,0,0,0,0,0,0,00,0
14432797,1038366,3547298,24,0,0,0,0,0,0,0,0,0,0,0,0,0,0,0,0,0,00,0
14432798,1038366,38017688,26,6,5,1,1,1,0,0,5,0,2,0,'0.333',9,3,NULL,0,0,34,5
14432799,1038366,30,26,9,5,0,0,0,0,1,4,'0.25',4,1,'0.5',8,4,NULL,0,0,37,3
14432800,1038366,406,26,35,18,12,3,1,1,9,9,0,2,0,'0.636',22,14,'0.875',8,7,39,4
14432801,1038366,221,26,10,3,1,1,1,1,0,3,'0.6666667',3,2,'0.6666667',6,4,0,0,0,24,2
14432802,1038366,161,26,40,9,6,0,3,6,4,5,'0.417',12,5,'0.452',31,14,'0.7',10,7,40,4
14432803,1038366,17896030,26,0,0,0,0,0,0,0,0,0,0,0,0,0,0,0,0,0,00,0
14432804,1038366,17896044,26,0,1,0,0,0,0,0,1,0,0,0,0,0,0,0,0,0,02,2
14432805,1038366,38017714,26,0,2,0,0,0,0,0,2,0,0,0,0,0,0,0,0,0,07,2
14432806,1038366,56677845,26,0,0,0,0,0,0,0,0,0,0,0,0,0,0,0,0,0,00,0
14432807,1038366,273,26,0,3,0,0,1,0,1,2,0,0,0,0,0,0,0,0,0,07,1
14432808,1038366,290,26,0,0,0,0,0,0,0,0,0,0,0,0,0,0,0,0,0,00,0
14432809,1038366,306,26,0,0,0,0,0,0,0,0,0,0,0,0,0,0,0,0,0,00,0
14432810,1038366,17553994,26,3,0,1,0,0,0,0,0,'0.3333333',3,1,'0.3333333',3,1,0,2,0,17,2
14432811,1038366,324,26,22,4,6,1,1,5,0,4,0,5,0,'0.563',16,9,1,4,4,33,2
14432812,1038366,17895990,26,0,0,0,0,0,0,0,0,0,0,0,0,0,0,0,0,0,00,0
14432813,1038366,3547291,26,0,0,0,0,0,0,0,0,0,0,0,0,0,0,0,0,0,00,0
14432814,1038366,56677862,26,0,0,0,0,0,0,0,0,0,0,0,0,0,0,0,0,0,00,0
14432815,1038366,4197162,26,0,0,0,0,0,0,0,0,0,0,0,0,0,0,0,0,0,00,0
14432848,1038367,182,25,12,1,4,0,1,3,1,0,'0.286',7,2,'0.294',17,5,NULL,0,0,35,3
14432849,1038367,56677850,25,14,4,2,0,0,2,1,3,1,2,2,'0.714',7,5,1,2,2,22,4
14432850,1038367,22,25,22,16,1,0,0,0,2,14,NULL,0,0,'0.917',12,11,NULL,0,0,32,1
14432851,1038367,666923,25,0,2,1,0,1,1,1,1,0,3,0,0,5,0,NULL,0,0,19,2
14432852,1038367,419,25,20,3,5,0,1,3,0,3,'0.4',10,4,'0.316',19,6,1,4,4,32,4
14432853,1038367,39613724,25,1,1,1,0,0,0,0,1,NULL,0,0,NULL,0,0,'0.5',2,1,4,2
14432854,1038367,17896094,25,16,5,3,0,1,4,1,4,'0.5',2,1,'0.5',8,4,'0.7',10,7,26,2
14432855,1038367,3547278,25,0,0,0,0,0,0,0,0,0,0,0,0,0,0,0,0,0,02,0
14432856,1038367,56677747,25,14,1,9,0,0,2,0,1,'0.5',2,1,'0.444',9,4,1,5,5,34,4
14432857,1038367,56677791,25,0,1,0,0,0,0,0,1,0,0,0,0,0,0,0,0,0,02,0
14432858,1038367,56783340,25,6,3,0,1,1,0,3,0,'0.333',3,1,'0.4',5,2,'0.5',2,1,13,3
14432859,1038367,38017711,25,4,7,0,0,0,1,3,4,NULL,0,0,'0.4',5,2,NULL,0,0,17,4
14432860,1038367,65,25,0,0,0,0,0,0,0,0,0,0,0,0,0,0,0,0,0,00,0
14432861,1038367,666476,25,0,0,0,0,0,0,0,0,0,0,0,0,0,0,0,0,0,00,0
14432862,1038367,47957121,25,0,0,0,0,0,0,0,0,0,0,0,0,0,0,0,0,0,00,0
14432863,1038367,56677829,25,0,0,0,0,0,0,0,0,0,0,0,0,0,0,0,0,0,00,0
14432864,1038367,38017690,25,0,0,0,0,0,0,0,0,0,0,0,0,0,0,0,0,0,00,0
14432865,1038367,476,25,0,0,0,0,0,0,0,0,0,0,0,0,0,0,0,0,0,00,0
14432866,1038367,3547259,18,0,2,0,1,0,0,2,0,0,3,0,0,7,0,0,0,0,24,0
14432867,1038367,447,18,13,5,1,0,1,3,2,3,'0.3333333',3,1,'0.2857143',7,2,1,8,8,19,3
14432868,1038367,176,18,16,15,1,1,0,1,6,9,NULL,0,0,'0.7',10,7,'0.5',4,2,37,3
14432869,1038367,3547238,18,41,4,2,1,2,2,0,4,'0.5',8,4,'0.593',27,16,1,5,5,34,1
14432870,1038367,104,18,7,4,6,3,2,2,1,3,'0.2',5,1,'0.286',7,2,1,2,2,26,2
14432871,1038367,666400,18,18,3,2,1,0,2,0,3,'0.833',6,5,'0.857',7,6,1,1,1,26,2
14432872,1038367,12,18,8,3,8,0,0,0,0,3,NULL,0,0,'0.333',3,1,1,6,6,22,0
14432873,1038367,17896056,18,5,1,0,0,0,0,1,0,'0.5',2,1,'0.5',2,1,1,2,2,4,2
14432874,1038367,666767,18,0,0,0,0,0,0,0,0,0,0,0,0,1,0,0,0,0,02,0
14432875,1038367,38017715,18,2,0,0,0,0,1,0,0,0,0,0,0,0,0,1,2,2,02,1
14432876,1038367,330,18,0,1,2,0,1,0,0,1,0,1,0,0,3,0,0,0,0,12,1
14432877,1038367,17895968,18,1,0,1,0,0,1,0,0,0,2,0,0,2,0,'0.5',2,1,4,0
14432878,1038367,667378,18,10,3,1,2,1,0,0,3,'0.333',3,1,'0.5',8,4,'0.5',2,1,13,2
14432879,1038367,56677851,18,0,0,0,0,0,0,0,0,0,0,0,0,0,0,0,0,0,00,0
14432880,1038367,56677782,18,0,0,0,0,0,0,0,0,0,0,0,0,0,0,0,0,0,00,0
14432881,1038367,38017700,18,0,0,0,0,0,0,0,0,0,0,0,0,0,0,0,0,0,00,0
14433150,1038368,666609,14,15,5,2,0,0,0,2,3,0,2,0,'0.7',10,7,'0.25',4,1,30,1
14433151,1038368,237,14,25,1,8,0,0,4,0,1,'0.5',6,3,'0.6',15,9,1,4,4,31,0
14433152,1038368,117,14,20,14,4,6,0,1,3,11,'0.3333333',3,1,'0.5',12,6,1,7,7,28,1
14433153,1038368,17553995,14,15,7,6,1,1,2,0,7,'0.4',5,2,'0.333',9,3,1,7,7,32,4
14433154,1038368,405,14,21,2,3,1,0,3,1,1,'0.444',9,4,'0.444',18,8,'0.5',2,1,32,2
14433155,1038368,56677738,14,0,0,0,0,0,0,0,0,NULL,0,0,NULL,0,0,NULL,0,0,1,1
14433156,1038368,130,14,6,2,7,0,2,4,0,2,'0.2',5,1,'0.333',6,2,1,1,1,31,2
14433157,1038368,666626,14,2,7,1,1,1,1,0,7,NULL,0,0,NULL,0,0,1,2,2,13,1
14433158,1038368,56677835,14,2,0,0,0,0,0,0,0,NULL,0,0,'0.5',2,1,NULL,0,0,2,0
14433159,1038368,56677836,14,0,0,0,0,0,0,0,0,NULL,0,0,NULL,0,0,NULL,0,0,2,0
14433160,1038368,383,14,8,5,1,1,1,0,1,4,'0.667',3,2,'0.6',5,3,0,1,0,23,1
14433161,1038368,486,14,11,4,0,1,1,0,0,4,'0.5',2,1,'0.571',7,4,1,2,2,13,1
14433162,1038368,38017697,14,0,0,0,0,0,0,0,0,0,0,0,0,0,0,0,0,0,00,0
14433163,1038368,3547289,14,0,0,0,0,0,0,0,0,0,0,0,0,0,0,0,0,0,00,0
14433164,1038368,666860,14,0,0,0,0,0,0,0,0,0,0,0,0,0,0,0,0,0,00,0
14433165,1038368,457,14,0,0,0,0,0,0,0,0,0,0,0,0,0,0,0,0,0,00,0
14433166,1038368,1603383,14,0,0,0,0,0,0,0,0,0,0,0,0,0,0,0,0,0,00,0
14433167,1038368,666971,14,0,0,0,0,0,0,0,0,0,0,0,0,0,0,0,0,0,00,0
14433168,1038368,56677826,9,19,2,0,0,1,1,1,1,'0.5',2,1,'0.692',13,9,NULL,0,0,29,4
14433169,1038368,38017739,9,8,4,4,0,0,0,1,3,'0.5',4,2,'0.5',6,3,0,2,0,26,1
14433170,1038368,38017694,9,8,8,0,0,1,1,4,4,0,0,0,'0.4444444',9,4,0,0,0,23,3
14433171,1038368,17896075,9,12,7,7,0,0,0,1,6,0,2,0,'0.267',15,4,1,4,4,25,1
14433172,1038368,38017682,9,15,2,5,1,2,2,0,2,'0.167',6,1,'0.313',16,5,1,4,4,29,5
14433173,1038368,68,9,7,4,2,0,0,0,1,3,'0.333',3,1,'0.429',7,3,NULL,0,0,17,1
14433174,1038368,64268165,9,0,0,0,0,0,0,0,0,0,0,0,0,0,0,0,0,0,00,0
14433175,1038368,3547275,9,0,1,0,0,0,0,0,1,NULL,0,0,NULL,0,0,NULL,0,0,2,0
14433176,1038368,160,9,13,4,1,0,2,2,1,3,'0.4',5,2,'0.444',9,4,'0.75',4,3,25,3
14433177,1038368,320,9,8,6,4,0,0,1,2,4,0,1,0,'0.444',9,4,NULL,0,0,19,1
14433178,1038368,337,9,0,0,0,0,1,0,0,0,0,2,0,0,2,0,0,0,0,04,0
14433179,1038368,56677792,9,3,3,5,0,1,2,1,2,'0.333',3,1,'0.1',10,1,NULL,0,0,18,1
14433180,1038368,3547240,9,18,9,2,1,0,1,5,4,NULL,0,0,'0.667',12,8,'0.667',3,2,23,4
14433181,1038368,56677729,9,0,0,0,0,0,0,0,0,0,0,0,0,0,0,0,0,0,00,0
14433182,1038368,17895858,9,0,0,0,0,0,0,0,0,0,0,0,0,0,0,0,0,0,00,0
14433183,1038368,42097199,9,0,0,0,0,0,0,0,0,0,0,0,0,0,0,0,0,0,00,0
14433184,1038368,3547267,9,0,0,0,0,0,0,0,0,0,0,0,0,0,0,0,0,0,00,0
14433185,1038368,44477024,9,0,0,0,0,0,0,0,0,0,0,0,0,0,0,0,0,0,00,0
14434640,1038374,666423,28,23,9,3,1,1,3,3,6,'0.3333333',3,1,'0.5294118',17,9,'0.5',8,4,34,1
14434641,1038374,17896055,28,29,12,8,1,1,6,2,10,0,4,0,'0.5454546',22,12,1,5,5,36,1
14434642,1038374,373,28,19,11,3,2,1,2,7,4,0,0,0,'0.5333334',15,8,'0.75',4,3,30,3
14434643,1038374,3089,28,8,6,3,2,0,0,0,6,'0.3333333',6,2,'0.3333333',9,3,0,0,0,30,1
14434644,1038374,3547269,28,14,6,7,0,0,1,1,5,'0.2',5,1,'0.4545455',11,5,1,3,3,35,2
14434645,1038374,69,28,12,3,3,0,1,1,0,3,0,1,0,'0.5555556',9,5,1,2,2,26,3
14434646,1038374,358,28,0,2,0,0,0,0,0,2,0,1,0,0,1,0,0,0,0,07,3
14434647,1038374,56677828,28,7,1,1,0,1,1,0,1,'0.25',4,1,'0.4285714',7,3,0,0,0,21,2
14434648,1038374,38017620,28,3,0,1,0,0,1,0,0,1,1,1,1,1,1,0,0,0,05,0
14434649,1038374,58,28,10,4,0,1,1,0,2,2,0,1,0,'0.8',5,4,'0.5',4,2,11,2
14434650,1038374,56677805,28,0,0,0,0,0,0,0,0,0,0,0,0,0,0,0,0,0,00,0
14434651,1038374,666762,28,0,0,0,0,0,0,0,0,0,0,0,0,0,0,0,0,0,00,0
14434652,1038374,3547207,28,0,2,1,0,0,0,0,2,0,0,0,0,1,0,0,0,0,05,2
14434653,1038374,436,28,0,0,0,0,0,0,0,0,0,0,0,0,0,0,0,0,0,00,0
14434654,1038374,485,28,0,0,0,0,0,0,0,0,0,0,0,0,0,0,0,0,0,00,0
14434655,1038374,377705601,28,0,0,0,0,0,0,0,0,0,0,0,0,0,0,0,0,0,00,0
14434656,1038374,56677869,28,0,0,0,0,0,0,0,0,0,0,0,0,0,0,0,0,0,00,0
14434657,1038374,2309958,28,0,0,0,0,0,0,0,0,0,0,0,0,0,0,0,0,0,00,0
14434658,1038374,3547250,12,8,2,1,2,0,0,0,2,'0.2857143',7,2,'0.3',10,3,0,0,0,17,2
14434659,1038374,416,12,23,5,7,1,1,0,2,3,'0.3333333',3,1,'0.4705882',17,8,'0.6666667',9,6,36,5
14434660,1038374,17896035,12,15,11,1,4,0,1,3,8,0,1,0,'0.5384616',13,7,'0.5',2,1,32,4
14434661,1038374,38017507,12,14,3,5,0,2,1,1,2,'0.6666667',3,2,'0.625',8,5,'0.6666667',3,2,33,2
14434662,1038374,3547245,12,21,4,12,0,2,1,0,4,'0.5555556',9,5,'0.4615385',13,6,'0.8',5,4,34,3
14434663,1038374,3547243,12,15,5,0,2,2,0,2,3,'0.4',5,2,'0.6666667',9,6,'0.5',2,1,25,1
14434664,1038374,305,12,13,1,0,0,0,1,1,0,'0.3333333',9,3,'0.4166667',12,5,0,0,0,23,0
14434665,1038374,304,12,6,1,6,0,1,3,0,1,0,0,0,'0.375',8,3,0,0,0,16,1
14434666,1038374,56677861,12,10,5,0,0,1,1,0,5,'0.5',4,2,'0.5',6,3,1,2,2,21,1
14434667,1038374,38017686,12,0,0,0,0,0,0,0,0,0,0,0,0,0,0,0,0,0,00,0
14434668,1038374,56677778,12,2,2,0,0,0,0,0,2,0,0,0,1,1,1,0,0,0,03,1
14434669,1038374,38017701,12,0,0,0,0,0,0,0,0,0,0,0,0,0,0,0,0,0,00,0
14434670,1038374,242,12,0,0,0,0,0,0,0,0,0,0,0,0,0,0,0,0,0,00,0
14434671,1038374,3547264,12,0,0,0,0,0,0,0,0,0,0,0,0,0,0,0,0,0,00,0
14434672,1038374,452,12,0,0,0,0,0,0,0,0,0,0,0,0,0,0,0,0,0,00,0
14434673,1038374,56677832,12,0,0,0,0,0,0,0,0,0,0,0,0,0,0,0,0,0,00,0
14434674,1038374,56677794,12,0,0,0,0,0,0,0,0,0,0,0,0,0,0,0,0,0,00,0
14434675,1038377,3547258,7,8,3,2,0,0,0,1,2,1,2,2,'0.75',4,3,0,0,0,18,2
14434676,1038377,666950,7,3,6,2,1,0,1,1,5,'0.3333333',3,1,'0.1666667',6,1,0,2,0,28,2
14434677,1038377,666577,7,10,10,2,1,0,2,2,8,0,0,0,'0.7142857',7,5,0,0,0,23,4
14434678,1038377,228,7,34,9,7,1,2,1,1,8,'0.4444444',9,4,'0.6818182',22,15,0,0,0,33,1
14434679,1038377,132,7,27,9,8,1,2,5,0,9,'0.125',8,1,'0.55',20,11,1,4,4,31,2
14434680,1038377,379,7,3,2,0,0,0,1,0,2,0,0,0,'0.5',2,1,'0.5',2,1,08,0
14434681,1038377,191,7,8,2,5,0,1,3,0,2,'0.5',4,2,'0.4285714',7,3,0,0,0,26,2
14434682,1038377,38017679,7,13,2,1,1,0,0,0,2,'0.333',3,1,'0.5',12,6,NULL,0,0,20,0
14434683,1038377,247,7,0,3,0,0,0,1,1,2,0,1,0,0,2,0,0,0,0,19,0
14434684,1038377,17554004,7,0,2,0,0,0,0,0,2,NULL,0,0,0,1,0,NULL,0,0,5,0
14434685,1038377,56677840,7,8,5,1,4,0,0,1,4,NULL,0,0,'0.6',5,3,1,2,2,17,0
14434686,1038377,329,7,0,0,0,0,0,0,0,0,0,0,0,0,0,0,0,0,0,00,0
14434687,1038377,56677859,7,2,2,0,0,1,1,1,1,0,0,0,'0.5',2,1,0,0,0,05,0
14434688,1038377,24489167,7,0,0,0,0,0,0,0,0,NULL,0,0,0,2,0,NULL,0,0,5,1
14434689,1038377,17896028,7,0,0,0,0,0,0,0,0,0,0,0,0,0,0,0,0,0,00,0
14434690,1038377,151,7,0,0,0,0,0,0,0,0,0,0,0,0,0,0,0,0,0,00,0
14434691,1038377,257,7,0,0,0,0,0,0,0,0,0,0,0,0,0,0,0,0,0,00,0
14434692,1038377,38017649,27,5,2,1,0,1,0,0,2,'0.3333333',3,1,'0.5',4,2,0,0,0,18,0
14434693,1038377,38017699,27,10,4,1,0,3,2,3,1,'0.5',2,1,'0.4',10,4,'0.5',2,1,25,2
14434694,1038377,56677822,27,26,9,5,3,1,2,3,6,'0.3333333',6,2,'0.4761905',21,10,'0.8',5,4,27,0
14434695,1038377,3547246,27,11,4,6,0,3,1,0,4,'0.25',4,1,'0.25',16,4,'0.6666667',3,2,31,1
14434696,1038377,3547274,27,4,4,2,0,0,0,0,4,0,4,0,'0.25',8,2,0,0,0,20,2
14434697,1038377,38017692,27,19,3,1,0,0,1,1,2,'0.8',5,4,'0.636',11,7,1,1,1,21,0
14434698,1038377,102,27,6,12,4,3,0,1,5,7,0,4,0,'0.333',9,3,NULL,0,0,21,2
14434699,1038377,180,27,0,1,0,0,0,0,0,1,0,1,0,0,1,0,0,0,0,06,0
14434700,1038377,666682,27,3,2,0,1,0,1,0,2,'0.125',8,1,'0.09090909',11,1,0,0,0,20,1
14434701,1038377,17896059,27,0,1,0,0,0,0,1,0,NULL,0,0,0,2,0,NULL,0,0,5,0
14434702,1038377,38017693,27,9,1,6,0,0,3,0,1,0,2,0,'0.5',6,3,'0.75',4,3,28,0
14434703,1038377,38017730,27,0,0,0,0,0,0,0,0,0,0,0,0,0,0,0,0,0,00,0
14434704,1038377,17895854,27,0,0,0,0,0,0,0,0,0,0,0,0,0,0,0,0,0,00,0
14434705,1038377,56677817,27,0,0,0,0,0,0,0,0,0,0,0,0,0,0,0,0,0,00,0
14434706,1038377,3547163,27,0,0,0,0,0,0,0,0,0,0,0,0,0,0,0,0,0,00,0
14434707,1038377,17896049,27,0,0,0,0,0,0,0,0,0,0,0,0,0,0,0,0,0,00,0
14434708,1038377,328,27,0,0,0,0,0,0,0,0,0,0,0,0,0,0,0,0,0,00,0
14434709,1038373,666908,6,7,3,3,0,1,1,0,3,'0.1666667',6,1,'0.375',8,3,0,0,0,30,4
14434710,1038373,17896076,6,14,9,0,1,1,1,4,5,1,1,1,'0.75',8,6,'0.5',2,1,31,2
14434711,1038373,9,6,13,10,3,1,1,0,1,9,0,1,0,'0.6666667',9,6,'0.5',2,1,35,1
14434712,1038373,322,6,30,6,7,0,2,0,0,6,'0.25',8,2,'0.3809524',21,8,'0.9230769',13,12,39,1
14434713,1038373,666581,6,12,1,7,0,1,2,0,1,'0.4',5,2,'0.4',10,4,1,2,2,31,1
14434714,1038373,277,6,5,4,9,0,0,1,1,3,'0.3333333',3,1,'0.2857143',7,2,0,0,0,23,2
14434715,1038373,344,6,11,2,0,0,0,3,0,2,'0.2',5,1,'0.5555556',9,5,0,2,0,24,6
14434716,1038373,3547247,6,16,1,2,0,0,0,0,1,'0.5',8,4,'0.5454546',11,6,0,0,0,27,1
14434717,1038373,666676,6,0,0,0,0,0,0,0,0,0,0,0,0,0,0,0,0,0,00,0
14434718,1038373,248,6,0,0,0,0,0,0,0,0,0,0,0,0,0,0,0,0,0,00,0
14434719,1038373,3547299,6,0,0,0,0,0,0,0,0,0,0,0,0,0,0,0,0,0,00,0
14434720,1038373,425,6,0,0,0,0,0,0,0,0,0,0,0,0,0,0,0,0,0,00,0
14434721,1038373,56677847,6,0,0,0,0,0,0,0,0,0,0,0,0,0,0,0,0,0,00,0
14434722,1038373,38017662,6,0,0,0,0,0,0,0,0,0,0,0,0,0,0,0,0,0,00,0
14434723,1038373,56677872,6,0,0,0,0,0,0,0,0,0,0,0,0,0,0,0,0,0,00,0
14434724,1038373,444,6,0,0,0,0,0,0,0,0,0,0,0,0,0,0,0,0,0,00,0
14434725,1038373,666940,6,0,0,0,0,0,0,0,0,0,0,0,0,0,0,0,0,0,00,0
14434726,1038373,125,5,24,2,6,0,0,0,0,2,0,1,0,'0.5625',16,9,'0.8571429',7,6,41,4
14434727,1038373,460,5,9,8,1,0,0,2,3,5,'0.2',5,1,'0.25',16,4,0,0,0,39,4
14434728,1038373,137,5,10,15,0,1,1,3,4,11,0,0,0,'0.4444444',9,4,1,2,2,28,2
14434729,1038373,17895983,5,12,4,2,0,0,3,2,2,'0.5714286',7,4,'0.4',10,4,0,0,0,33,3
14434730,1038373,666956,5,32,7,4,0,1,4,0,7,'0.625',8,5,'0.6470588',17,11,'0.8333333',6,5,39,3
14434731,1038373,89,5,10,2,3,1,2,1,0,2,'0.5',4,2,'0.5',6,3,1,2,2,26,2
14434732,1038373,110,5,8,5,0,1,0,0,0,5,'0.4',5,2,'0.5',6,3,0,0,0,22,0
14434733,1038373,38017719,5,0,0,2,0,0,0,0,0,0,1,0,0,1,0,0,0,0,07,2
14434734,1038373,87,5,0,1,0,0,1,1,0,1,0,2,0,0,2,0,0,0,0,05,1
14434735,1038373,56677874,5,0,0,0,0,0,0,0,0,0,0,0,0,0,0,0,0,0,00,0
14434736,1038373,56677857,5,0,0,0,0,0,0,0,0,0,0,0,0,0,0,0,0,0,00,0
14434737,1038373,17896116,5,0,0,0,0,0,0,0,0,0,0,0,0,0,0,0,0,0,00,0
14434738,1038373,27,5,0,0,0,0,0,0,0,0,0,0,0,0,0,0,0,0,0,00,0
14434739,1038373,64268019,5,0,0,0,0,0,0,0,0,0,0,0,0,0,0,0,0,0,00,0
14434740,1038373,268,5,0,0,0,0,0,0,0,0,0,0,0,0,0,0,0,0,0,00,0
14434741,1038373,56677860,5,0,0,0,0,0,0,0,0,0,0,0,0,0,0,0,0,0,00,0
14434742,1038373,3547248,5,0,0,0,0,0,0,0,0,0,0,0,0,0,0,0,0,0,00,0
14434743,1038376,227,19,18,3,8,0,2,1,1,2,'0.667',3,2,'0.462',13,6,'0.667',6,4,35,4
14434744,1038376,666969,19,36,6,8,1,0,1,2,4,0,0,0,'0.7142857',21,15,'0.6666667',9,6,33,2
14434745,1038376,455,19,10,5,3,1,0,1,2,3,0,0,0,'0.8333333',6,5,0,0,0,15,1
14434746,1038376,17896024,19,6,6,1,1,0,2,0,6,0,2,0,'0.333',6,2,1,2,2,27,4
14434747,1038376,303,19,26,3,6,0,1,0,0,3,'0.3333333',9,3,'0.5294118',17,9,1,5,5,33,2
14434748,1038376,18677986,19,13,5,3,2,3,0,0,5,'0.333',9,3,'0.333',9,3,1,4,4,31,3
14434749,1038376,3547293,19,13,2,1,0,3,3,0,2,'0.3333333',3,1,'0.75',8,6,0,0,0,24,2
14434750,1038376,340,19,4,6,3,1,3,2,3,3,'0.5',2,1,'0.5',2,1,'0.5',2,1,19,1
14434751,1038376,17896097,19,7,3,3,0,2,0,0,3,0,4,0,'0.4285714',7,3,1,1,1,22,2
14434752,1038376,56677837,19,0,0,0,0,0,0,0,0,0,0,0,0,0,0,0,0,0,00,0
14434753,1038376,38017663,19,0,0,0,0,0,0,0,0,0,0,0,0,0,0,0,0,0,00,0
14434754,1038376,17896021,19,0,0,0,0,0,0,0,0,0,0,0,0,0,0,0,0,0,00,0
14434755,1038376,17896017,19,0,0,0,0,0,0,0,0,0,0,0,0,0,0,0,0,0,00,0
14434756,1038376,38017677,19,0,0,0,0,0,0,0,0,0,0,0,0,0,0,0,0,0,00,0
14434757,1038376,38017726,19,0,0,0,0,0,0,0,0,0,0,0,0,0,0,0,0,0,00,0
14434758,1038376,491,19,0,0,0,0,0,0,0,0,0,0,0,0,0,0,0,0,0,00,0
14434759,1038376,56677844,30,6,3,1,0,1,4,0,3,0,2,0,'0.5',6,3,0,0,0,26,5
14434760,1038376,3547242,30,43,15,3,1,0,3,5,10,'0.6',10,6,'0.542',24,13,'0.846',13,11,40,2
14434761,1038376,24,30,14,10,2,2,0,1,6,4,'0.5',2,1,'0.4285714',14,6,'0.5',2,1,30,1
14434762,1038376,666848,30,19,5,6,0,3,4,2,3,'0.5',10,5,'0.467',15,7,NULL,0,0,35,5
14434763,1038376,249,30,14,2,15,0,1,2,0,2,'0.667',6,4,'0.714',7,5,NULL,0,0,40,2
14434764,1038376,17896045,30,20,4,6,0,1,2,0,4,'0.5',10,5,'0.467',15,7,1,1,1,32,5
14434765,1038376,217,30,2,1,1,0,1,0,0,1,0,0,0,'0.5',2,1,0,0,0,11,0
14434766,1038376,414,30,8,2,1,0,0,2,2,0,0,4,0,'0.25',8,2,1,4,4,17,0
14434767,1038376,17896106,30,0,0,0,0,0,0,0,0,0,0,0,0,0,0,0,0,0,03,2
14434768,1038376,487,30,0,0,0,0,0,1,0,0,0,1,0,0,1,0,0,0,0,03,0
14434769,1038376,38017704,30,0,0,0,0,0,0,0,0,0,0,0,0,0,0,0,0,0,00,0
14434770,1038376,18677954,30,0,0,0,0,0,0,0,0,0,0,0,0,0,0,0,0,0,02,0
14434771,1038376,38017687,30,0,0,0,0,0,0,0,0,0,0,0,0,0,0,0,0,0,00,0
14434772,1038376,3547302,30,0,0,0,0,0,0,0,0,0,0,0,0,0,0,0,0,0,00,0
14434773,1038376,64267203,30,0,0,0,0,0,0,0,0,0,0,0,0,0,0,0,0,0,00,0
14434774,1038376,265,30,0,0,0,0,0,0,0,0,0,0,0,0,0,0,0,0,0,00,0
14434775,1038376,17896071,30,0,0,0,0,0,0,0,0,0,0,0,0,0,0,0,0,0,00,0
14434776,1038375,38017731,15,12,8,7,1,3,2,1,7,0,4,0,'0.1666667',6,1,'0.8333333',12,10,34,1
14434777,1038375,17896067,15,7,5,4,1,1,0,2,3,'0.1666667',6,1,'0.2857143',7,2,'0.5',4,2,22,3
14434778,1038375,231,15,18,2,3,1,0,4,0,2,'0.5',6,3,'0.583',12,7,'0.5',2,1,28,5
14434779,1038375,254,15,19,2,2,0,1,2,0,2,'0.667',6,4,'0.714',7,5,'0.714',7,5,30,2
14434780,1038375,666703,15,8,3,2,2,1,2,0,3,1,2,2,'0.75',4,3,0,0,0,20,3
14434781,1038375,56677830,15,20,9,0,3,0,1,3,6,'0.6',5,3,'0.5333334',15,8,'0.5',2,1,24,2
14434782,1038375,17896027,15,5,2,2,0,1,0,0,2,0,2,0,'0.3333333',6,2,1,1,1,22,1
14434783,1038375,401,15,8,4,3,0,0,0,0,4,0,1,0,'0.5',6,3,'0.6666667',3,2,16,1
14434784,1038375,18678058,15,10,3,3,1,1,0,1,2,'0.5',2,1,'0.5',8,4,'0.25',4,1,23,1
14434785,1038375,48248287,15,0,0,0,0,0,0,0,0,0,0,0,0,0,0,0,0,0,00,0
14434786,1038375,64269023,15,0,0,0,0,0,0,0,0,0,0,0,0,0,0,0,0,0,00,0
14434787,1038375,38017728,15,0,0,0,0,0,0,0,0,0,0,0,0,0,0,0,0,0,00,0
14434788,1038375,3547279,15,14,8,1,2,0,0,1,7,1,1,1,'0.5',8,4,'0.833',6,5,20,1
14434789,1038375,470,15,0,0,0,0,0,0,0,0,0,0,0,0,0,0,0,0,0,00,0
14434790,1038375,3547287,15,0,0,0,0,0,0,0,0,0,0,0,0,0,0,0,0,0,00,0
14434791,1038375,666505,15,0,0,0,0,0,0,0,0,0,0,0,0,0,0,0,0,0,00,0
14434792,1038375,666786,15,0,0,0,0,0,0,0,0,0,0,0,0,0,0,0,0,0,00,0
14434793,1038375,38017656,15,0,0,0,0,0,0,0,0,0,0,0,0,0,0,0,0,0,00,0
14434794,1038375,420,15,0,0,0,0,0,0,0,0,0,0,0,0,0,0,0,0,0,00,0
14434795,1038375,66,11,19,10,2,0,2,1,4,6,'0.2',10,2,'0.294',17,5,1,7,7,36,3
14434796,1038375,38017684,11,6,11,0,0,1,2,1,10,0,6,0,'0.231',13,3,NULL,0,0,33,2
14434797,1038375,17896062,11,19,5,6,1,1,1,3,2,'0.5',2,1,'0.5',16,8,'0.2857143',7,2,34,6
14434798,1038375,17895966,11,4,3,3,1,0,0,0,3,0,4,0,'0.2857143',7,2,0,0,0,23,1
14434799,1038375,56677825,11,19,12,2,1,2,2,6,6,NULL,0,0,'0.529',17,9,'0.333',3,1,34,6
14434800,1038375,213,11,19,2,1,0,1,2,2,0,'0.625',8,5,'0.538',13,7,NULL,0,0,30,3
14434801,1038375,3547301,11,7,6,1,0,1,1,4,2,1,1,1,'0.2857143',7,2,'0.5',4,2,15,2
14434802,1038375,188,11,10,4,0,0,0,0,1,3,0,2,0,'0.4285714',7,3,1,4,4,16,0
14434803,1038375,47738533,11,0,0,2,0,0,0,0,0,0,0,0,0,0,0,0,0,0,02,0
14434804,1038375,3547281,11,10,3,2,1,1,0,1,2,'0.667',3,2,'0.6',5,3,'0.667',3,2,15,2
14434805,1038375,75,11,0,0,0,0,0,0,0,0,0,0,0,0,0,0,0,0,0,00,0
14434806,1038375,19465326,11,0,0,0,0,0,0,0,0,0,0,0,0,0,0,0,0,0,00,0
14434807,1038375,296,11,0,0,0,0,0,0,0,0,0,0,0,0,0,0,0,0,0,00,0
14434808,1038375,56677809,11,0,0,0,0,0,0,0,0,0,0,0,0,0,0,0,0,0,00,0
14434809,1038375,3,11,0,0,0,0,0,0,0,0,0,0,0,0,0,0,0,0,0,00,0
14434810,1038375,38017695,11,0,0,0,0,0,0,0,0,0,0,0,0,0,0,0,0,0,00,0
14434811,1038375,458,11,0,0,0,0,0,0,0,0,0,0,0,0,0,0,0,0,0,00,0
14434812,1038375,56677831,11,0,0,0,0,0,0,0,0,0,0,0,0,0,0,0,0,0,00,0
14434813,1038371,360,23,9,3,2,0,1,1,0,3,0,4,0,'0.3636364',11,4,'0.5',2,1,33,6
14434814,1038371,3547294,23,9,5,3,0,0,2,1,4,'0.5',2,1,'0.5714286',7,4,0,0,0,28,1
14434815,1038371,3547270,23,18,12,2,1,0,0,3,9,1,1,1,'0.5833333',12,7,1,3,3,39,3
14434816,1038371,210,23,22,3,10,0,2,5,0,3,'0.4545455',11,5,'0.5333334',15,8,1,1,1,44,4
14434817,1038371,3547254,23,30,6,7,0,0,3,1,5,'0.2857143',7,2,'0.5217391',23,12,1,4,4,39,2
14434818,1038371,56913527,23,13,4,2,0,0,1,0,4,'0.25',4,1,'0.5',10,5,1,2,2,23,1
14434819,1038371,368,23,2,3,3,0,0,0,1,2,0,5,0,'0.1428571',7,1,0,0,0,22,1
14434820,1038371,28,23,1,3,0,0,0,2,0,3,0,0,0,0,0,0,'0.25',4,1,09,2
14434821,1038371,56677788,23,0,0,0,0,0,0,0,0,0,1,0,0,1,0,0,0,0,03,0
14434822,1038371,33,23,0,0,0,0,0,0,0,0,0,0,0,0,0,0,0,0,0,00,0
14434823,1038371,38017732,23,0,0,0,0,0,0,0,0,0,0,0,0,0,0,0,0,0,00,0
14434824,1038371,108,23,0,0,0,0,0,0,0,0,0,0,0,0,0,0,0,0,0,00,0
14434825,1038371,145,23,0,0,0,0,0,0,0,0,0,0,0,0,0,0,0,0,0,00,0
14434826,1038371,200,23,0,0,0,0,0,0,0,0,0,0,0,0,0,0,0,0,0,00,0
14434827,1038371,286,23,0,0,0,0,0,0,0,0,0,0,0,0,0,0,0,0,0,00,0
14434828,1038371,313,23,0,0,0,0,0,0,0,0,0,0,0,0,0,0,0,0,0,00,0
14434829,1038371,666747,16,8,1,3,0,2,1,1,0,0,4,0,'0.3333333',9,3,1,2,2,25,2
14434830,1038371,38017696,16,3,3,3,0,0,2,0,3,'0.5',2,1,'0.5',2,1,0,0,0,14,4
14434831,1038371,4,16,23,13,4,0,2,2,3,10,NULL,0,0,'0.643',14,9,1,5,5,39,2
14434832,1038371,397,16,20,1,4,0,1,2,0,1,'0.7142857',7,5,'0.6363636',11,7,1,1,1,33,4
14434833,1038371,666633,16,23,7,7,0,0,3,1,6,'0.125',8,1,'0.4347826',23,10,'0.6666667',3,2,38,1
14434834,1038371,56677785,16,12,9,3,0,2,1,3,6,0,2,0,'0.5',12,6,0,0,0,32,2
14434835,1038371,3092,16,16,2,1,1,2,1,1,1,'0.4',10,4,'0.3846154',13,5,1,2,2,37,1
14434836,1038371,285,16,2,6,1,0,0,0,1,5,0,1,0,'0.5',2,1,0,0,0,12,1
14434837,1038371,38017734,16,2,1,1,0,1,1,0,1,0,1,0,0,2,0,1,2,2,10,0
14434838,1038371,74,16,0,0,0,0,0,0,0,0,0,0,0,0,0,0,0,0,0,00,0
14434839,1038371,39398582,16,0,0,0,0,0,0,0,0,0,0,0,0,0,0,0,0,0,00,0
14434840,1038371,38017736,16,0,0,0,0,0,0,0,0,0,0,0,0,0,0,0,0,0,00,0
14434841,1038371,38017723,16,0,0,0,0,0,0,0,0,0,0,0,0,0,0,0,0,0,00,0
14434842,1038371,79,16,0,0,0,0,0,0,0,0,0,0,0,0,0,0,0,0,0,00,0
14434843,1038371,391,16,0,0,0,0,0,0,0,0,0,0,0,0,0,0,0,0,0,00,0
14434844,1038371,403,16,0,0,0,0,0,0,0,0,0,0,0,0,0,0,0,0,0,00,0
14434845,1038371,19465585,16,0,0,0,0,0,0,0,0,0,0,0,0,0,0,0,0,0,00,0
14434846,1038369,56677823,4,26,6,4,3,1,5,3,3,'0.4444444',9,4,'0.4210526',19,8,1,6,6,36,2
14434847,1038369,62,4,17,5,4,1,1,1,1,4,'0.5',6,3,'0.3846154',13,5,1,4,4,34,4
14434848,1038369,3547282,4,12,7,0,0,0,1,1,6,0,0,0,1,5,5,'0.6666667',3,2,29,4
14434849,1038369,17896036,4,21,8,6,0,2,1,1,7,'0.8',5,4,'0.5384616',13,7,1,3,3,30,1
14434850,1038369,666748,4,6,7,4,0,1,1,2,5,0,1,0,'0.5',6,3,0,0,0,30,0
14434851,1038369,114,4,9,0,1,0,0,0,0,0,'0.25',4,1,'0.5',8,4,0,0,0,17,0
14434852,1038369,666965,4,15,10,2,0,2,1,4,6,'0.2',5,1,'0.5833333',12,7,0,0,0,28,2
14434853,1038369,4197029,4,13,2,5,0,0,1,0,2,'0.3333333',3,1,'0.4444444',9,4,1,4,4,20,3
14434854,1038369,44,4,3,1,1,0,0,0,0,1,'0.25',4,1,'0.25',4,1,0,0,0,13,1
14434855,1038369,38017708,4,0,0,0,0,0,0,0,0,0,0,0,0,0,0,0,0,0,01,0
14434856,1038369,56677846,4,0,0,0,0,0,1,0,0,0,0,0,0,0,0,0,0,0,01,0
14434857,1038369,18678001,4,0,0,0,0,0,0,0,0,0,0,0,0,0,0,0,0,0,01,1
14434858,1038369,56677848,4,0,0,0,0,0,0,0,0,0,0,0,0,0,0,0,0,0,00,0
14434859,1038369,3547239,4,0,0,0,0,0,0,0,0,0,0,0,0,0,0,0,0,0,00,0
14434860,1038369,56677866,4,0,0,0,0,0,0,0,0,0,0,0,0,0,0,0,0,0,00,0
14434861,1038369,64269817,4,0,0,0,0,0,0,0,0,0,0,0,0,0,0,0,0,0,00,0
14434862,1038369,38017698,4,0,0,0,0,0,0,0,0,0,0,0,0,0,0,0,0,0,00,0
14434863,1038369,3547256,1,14,4,1,1,0,1,3,1,'0.4',5,2,'0.3846154',13,5,1,2,2,32,0
14434864,1038369,17896040,1,19,12,0,2,0,2,5,7,0,5,0,'0.5',18,9,'0.5',2,1,38,3
14434865,1038369,666564,1,6,12,1,1,1,0,3,9,0,0,0,'0.4',5,2,1,2,2,26,5
14434866,1038369,334,1,13,7,4,2,1,3,2,5,'0.1428571',7,1,'0.3333333',15,5,'0.6666667',3,2,32,2
14434867,1038369,490,1,12,2,12,0,0,4,1,1,'0.25',8,2,'0.3333333',12,4,1,2,2,34,4
14434868,1038369,666656,1,21,3,1,0,1,0,0,3,'0.5',4,2,'0.5',12,6,1,7,7,28,4
14434869,1038369,53,1,12,5,4,0,1,5,1,4,'0.4',5,2,'0.4444444',9,4,1,2,2,29,1
14434870,1038369,666754,1,0,0,0,0,1,0,0,0,0,3,0,0,3,0,0,0,0,16,1
14434871,1038369,56677838,1,2,0,0,0,0,1,0,0,0,1,0,'0.5',2,1,0,0,0,03,0
14434872,1038369,4197387,1,0,0,0,0,0,0,0,0,0,0,0,0,0,0,0,0,0,02,0
14434873,1038369,319,1,0,0,0,0,0,0,0,0,0,0,0,0,0,0,0,0,0,00,0
14434874,1038369,3547244,1,0,0,0,0,0,0,0,0,0,0,0,0,0,0,0,0,0,00,0
14434875,1038369,83,1,0,0,0,0,0,0,0,0,0,0,0,0,0,0,0,0,0,00,0
14434876,1038369,3547297,1,0,0,0,0,0,0,0,0,0,0,0,0,0,0,0,0,0,00,0
14434877,1038369,38017689,1,0,0,0,0,0,0,0,0,0,0,0,0,0,0,0,0,0,00,0
14434878,1038369,56677806,1,0,0,0,0,0,0,0,0,0,0,0,0,0,0,0,0,0,00,0
14434879,1038369,56677855,1,0,0,0,0,0,0,0,0,0,0,0,0,0,0,0,0,0,00,0
14434880,1038369,301,1,0,0,0,0,0,0,0,0,0,0,0,0,0,0,0,0,0,00,0
14434881,1038372,17896060,2,14,5,2,0,1,0,0,5,'0.5',8,4,'0.556',9,5,NULL,0,0,29,0
14434882,1038372,434,2,20,7,9,0,0,1,1,6,'0.2857143',7,2,'0.4375',16,7,'0.8',5,4,28,0
14434883,1038372,378,2,15,5,1,1,0,1,0,5,'0.75',4,3,'0.6666667',9,6,0,0,0,16,0
14434884,1038372,473,2,27,5,4,0,1,2,0,5,'0.5',10,5,'0.625',16,10,1,2,2,28,2
14434885,1038372,214,2,3,4,5,0,0,0,1,3,'0.5',2,1,'0.3333333',3,1,0,0,0,24,0
14434886,1038372,3547276,2,28,4,3,0,0,0,1,3,'0.6666667',9,6,'0.6875',16,11,0,0,0,32,1
14434887,1038372,666468,2,11,4,5,0,1,0,0,4,'0.3333333',3,1,'0.5',6,3,'0.8',5,4,20,1
14434888,1038372,56677864,2,0,5,0,1,1,2,1,4,0,2,0,0,3,0,0,0,0,18,3
14434889,1038372,261,2,8,8,3,3,1,0,4,4,0,0,0,'0.8',5,4,0,0,0,19,2
14434890,1038372,338,2,2,0,0,0,0,1,0,0,0,0,0,'0.5',2,1,0,0,0,13,1
14434891,1038372,17553967,2,8,4,0,0,1,1,2,2,0,0,0,'0.6666667',6,4,0,0,0,13,3
14434892,1038372,70,2,0,0,0,0,0,0,0,0,0,0,0,0,0,0,0,0,0,00,0
14434893,1038372,38017707,2,0,0,0,0,0,0,0,0,0,0,0,0,0,0,0,0,0,00,0
14434894,1038372,219,2,0,0,0,0,0,0,0,0,0,0,0,0,0,0,0,0,0,00,0
14434895,1038372,64270311,2,0,0,0,0,0,0,0,0,0,0,0,0,0,0,0,0,0,00,0
14434896,1038372,17896025,2,0,0,0,0,0,0,0,0,0,0,0,0,0,0,0,0,0,00,0
14434897,1038372,3547285,2,0,0,0,0,0,0,0,0,0,0,0,0,0,0,0,0,0,00,0
14434898,1038372,61,3,10,4,4,0,1,1,1,3,'0.3333333',6,2,'0.3333333',12,4,0,0,0,26,0
14434899,1038372,158,3,4,1,0,0,0,0,0,1,0,2,0,'0.25',4,1,1,2,2,14,1
14434900,1038372,666508,3,6,8,3,0,0,1,2,6,0,0,0,'0.5',6,3,0,0,0,21,0
14434901,1038372,17896048,3,5,1,2,0,1,1,0,1,'0.2',5,1,'0.1111111',9,1,1,2,2,25,1
14434902,1038372,409,3,4,3,1,0,0,1,0,3,0,1,0,'0.25',8,2,0,0,0,18,1
14434903,1038372,666679,3,4,3,2,1,0,1,0,3,'0.3333333',3,1,'0.2',5,1,'0.5',2,1,18,0
14434904,1038372,421,3,7,0,5,0,1,1,0,0,'0.25',4,1,'0.4285714',7,3,0,0,0,18,2
14434905,1038372,17896038,3,7,3,2,0,1,2,2,1,1,1,1,1,2,2,1,2,2,13,2
14434906,1038372,464,3,4,2,1,0,0,1,1,1,0,2,0,'0.2857143',7,2,0,0,0,10,1
14434907,1038372,17896058,3,15,2,1,0,0,0,0,2,1,2,2,'0.7142857',7,5,1,3,3,26,4
14434908,1038372,56677722,3,4,1,2,0,0,0,0,1,0,1,0,'0.4',5,2,0,0,0,19,0
14434909,1038372,32,3,7,1,0,0,1,1,0,1,1,1,1,'0.75',4,3,0,0,0,12,0
14434910,1038372,56677843,3,0,1,2,0,0,0,0,1,0,0,0,0,0,0,0,0,0,08,0
14434911,1038372,17896041,3,9,1,2,0,0,1,0,1,'0.3333333',3,1,'0.4',5,2,1,4,4,12,0
14434912,1038372,417,3,0,0,0,0,0,0,0,0,0,0,0,0,0,0,0,0,0,00,0
14434913,1038372,56677841,3,0,0,0,0,0,0,0,0,0,0,0,0,0,0,0,0,0,00,0
14434914,1038370,17896026,22,21,3,6,1,3,1,0,3,'0.25',4,1,'0.5384616',13,7,1,6,6,32,3
14434915,1038370,38017683,22,36,6,5,0,1,3,0,6,'0.6',10,6,'0.75',20,15,NULL,0,0,35,0
14434916,1038370,85,22,9,6,1,1,0,0,1,5,0,1,0,'0.8',5,4,'0.5',2,1,24,2
14434917,1038370,38017724,22,6,0,0,0,0,1,0,0,1,2,2,'0.6666667',3,2,0,0,0,25,1
14434918,1038370,56677827,22,4,2,2,0,1,1,2,0,0,2,0,'0.2857143',7,2,0,0,0,23,4
14434919,1038370,3547251,22,11,2,1,2,0,1,0,2,0,1,0,'0.625',8,5,1,1,1,25,1
14434920,1038370,226,22,6,2,5,1,1,0,0,2,'0.6666667',3,2,'0.6666667',3,2,0,0,0,20,2
14434921,1038370,229,22,8,5,2,1,0,2,3,2,0,0,0,'0.8',5,4,0,0,0,15,1
14434922,1038370,17553983,22,0,1,0,0,0,0,0,1,0,1,0,0,2,0,0,0,0,08,1
14434923,1038370,462,22,10,2,1,1,1,2,0,2,0,0,0,'0.8',5,4,1,2,2,13,2
14434924,1038370,666442,22,0,1,0,0,0,1,0,1,0,0,0,0,0,0,0,0,0,04,2
14434925,1038370,38017607,22,4,1,1,0,0,0,0,1,0,0,0,'0.6666667',3,2,0,0,0,03,2
14434926,1038370,56677839,22,0,0,0,0,0,0,0,0,0,1,0,0,1,0,0,0,0,05,1
14434927,1038370,666818,22,0,1,0,0,0,0,0,1,0,0,0,0,0,0,0,0,0,05,0
14434928,1038370,666885,22,3,1,1,0,0,0,0,1,1,1,1,1,1,1,0,0,0,03,0
14434929,1038370,165,22,0,0,0,0,0,0,0,0,0,0,0,0,0,0,0,0,0,00,0
14434930,1038370,196,22,0,0,0,0,0,0,0,0,0,0,0,0,0,0,0,0,0,00,0
14434931,1038370,17896073,22,0,0,0,0,0,0,0,0,0,0,0,0,0,0,0,0,0,00,0
14434932,1038370,202,20,4,3,2,0,2,2,0,3,0,4,0,'0.25',8,2,0,0,0,30,1
14434933,1038370,3547249,20,23,14,5,0,0,1,10,4,'0.5',2,1,'0.5',16,8,'0.8571429',7,6,43,1
14434934,1038370,17896063,20,8,8,1,0,1,0,2,6,0,0,0,'0.6',5,3,'0.6666667',3,2,39,0
14434935,1038370,77,20,13,3,0,0,0,1,1,2,'0.3333333',6,2,'0.3125',16,5,'0.5',2,1,30,3
14434936,1038370,73,20,33,1,6,0,2,3,1,0,'0.625',8,5,'0.5238096',21,11,'0.8571429',7,6,35,0
14434937,1038370,17896033,20,8,1,1,0,2,1,0,1,'0.3333333',6,2,'0.1818182',11,2,'0.6666667',3,2,32,3
14434938,1038370,173,20,0,0,0,0,1,1,0,0,0,0,0,0,0,0,0,0,0,09,0
14434939,1038370,56677795,20,11,4,0,0,0,1,2,2,'0.3333333',3,1,'0.5714286',7,4,1,2,2,17,3
14434940,1038370,54,20,0,0,0,0,0,0,0,0,0,0,0,0,0,0,0,0,0,00,0
14434941,1038370,666474,20,0,0,0,0,0,0,0,0,0,0,0,0,0,0,0,0,0,05,0
14434942,1038370,131,20,0,0,0,0,0,0,0,0,0,0,0,0,0,0,0,0,0,00,0
14434943,1038370,201,20,0,0,0,0,0,0,0,0,0,0,0,0,0,0,0,0,0,00,0
14434944,1038370,18,20,0,0,0,0,0,0,0,0,0,0,0,0,0,0,0,0,0,00,0
14434945,1038370,387,20,0,0,0,0,0,0,0,0,0,0,0,0,0,0,0,0,0,00,0
14434946,1038370,399,20,0,0,0,0,0,0,0,0,0,0,0,0,0,0,0,0,0,00,0
14434947,1038370,17896089,20,0,0,0,0,0,0,0,0,0,0,0,0,0,0,0,0,0,00,0
14435016,1038378,375,8,19,4,2,0,0,1,1,3,'0.429',7,3,'0.471',17,8,NULL,0,0,37,0
14435017,1038378,177,8,25,15,2,0,0,4,3,12,'0.5',2,1,'0.533',15,8,1,8,8,33,0
14435018,1038378,246,8,15,5,8,1,0,0,0,5,0,6,0,'0.353',17,6,'0.75',4,3,39,4
14435019,1038378,215,8,8,4,2,0,1,1,1,3,'0.4',5,2,'0.25',8,2,1,2,2,35,3
14435020,1038378,236,8,12,5,9,0,1,1,2,3,0,1,0,'0.462',13,6,NULL,0,0,29,1
14435021,1038378,38017709,8,5,3,2,1,1,0,2,1,'0.5',2,1,'0.167',6,1,'0.5',4,2,23,3
14435022,1038378,38017727,8,3,3,1,0,2,2,0,3,'0.5',2,1,'0.2',5,1,NULL,0,0,18,4
14435023,1038378,17896103,8,0,0,0,0,0,0,0,0,0,0,0,0,0,0,0,0,0,00,0
14435024,1038378,250,8,0,0,0,0,0,0,0,0,0,0,0,0,0,0,0,0,0,00,0
14435025,1038378,17896007,8,0,0,0,0,0,0,0,0,0,0,0,0,0,0,0,0,0,00,0
14435026,1038378,3547268,8,8,2,0,2,0,1,2,0,0,0,0,'0.5',4,2,1,4,4,09,1
14435027,1038378,56677582,8,0,0,0,0,0,0,0,0,0,0,0,0,0,0,0,0,0,00,0
14435028,1038378,38017721,8,3,4,1,1,1,2,1,3,1,1,1,'0.25',4,1,NULL,0,0,16,2
14435029,1038378,81,8,0,0,0,0,0,0,0,0,0,0,0,0,0,0,0,0,0,00,0
14435030,1038378,666489,8,0,0,0,0,0,0,0,0,0,0,0,0,0,0,0,0,0,00,0
14435031,1038378,335,8,0,0,0,0,0,0,0,0,0,0,0,0,0,0,0,0,0,00,0
14435032,1038378,56677776,8,0,0,0,0,0,0,0,0,0,0,0,0,0,0,0,0,0,00,0
14435033,1038378,56677871,8,0,0,0,0,0,0,0,0,0,0,0,0,0,0,0,0,0,00,0
14435034,1038378,38017688,26,6,5,1,1,0,3,1,4,0,4,0,'0.25',8,2,1,2,2,35,3
14435035,1038378,30,26,20,5,0,1,0,1,0,5,'0.5',6,3,'0.667',9,6,'0.833',6,5,33,2
14435036,1038378,406,26,20,13,7,0,3,5,2,11,NULL,0,0,'0.563',16,9,'0.667',3,2,38,3
14435037,1038378,221,26,8,5,2,2,1,0,1,4,'0.333',6,2,'0.429',7,3,NULL,0,0,26,1
14435038,1038378,161,26,30,8,8,0,2,1,3,5,'0.286',7,2,'0.462',26,12,'0.667',6,4,43,2
14435039,1038378,17896030,26,3,1,0,1,0,0,1,0,'0.5',2,1,'0.5',2,1,0,0,0,08,0
14435040,1038378,17896044,26,0,0,0,0,0,0,0,0,0,0,0,0,0,0,0,0,0,00,0
14435041,1038378,38017714,26,0,0,0,0,0,0,0,0,0,1,0,0,2,0,0,0,0,03,0
14435042,1038378,56677845,26,0,0,0,0,0,0,0,0,0,0,0,0,0,0,0,0,0,00,0
14435043,1038378,3547291,26,0,0,0,0,0,0,0,0,0,0,0,0,0,0,0,0,0,00,0
14435044,1038378,273,26,2,3,0,1,0,1,1,2,0,0,0,1,1,1,0,0,0,06,2
14435045,1038378,290,26,4,5,0,0,1,0,1,4,0,3,0,'0.4',5,2,0,0,0,12,1
14435046,1038378,306,26,0,0,0,0,0,0,0,0,0,0,0,0,0,0,0,0,0,00,0
14435047,1038378,17553994,26,3,0,0,0,0,0,0,0,1,1,1,'0.5',2,1,0,0,0,08,0
14435048,1038378,324,26,6,3,3,0,0,3,0,3,0,3,0,'0.182',11,2,1,2,2,30,4
14435049,1038378,17895990,26,0,0,0,0,0,0,0,0,0,0,0,0,0,0,0,0,0,00,0
14435050,1038378,56677862,26,0,0,0,0,0,0,0,0,0,0,0,0,0,0,0,0,0,00,0
14435051,1038378,4197162,26,0,0,0,0,0,0,0,0,0,0,0,0,0,0,0,0,0,00,0
14435122,1038379,8,24,9,1,6,1,1,1,0,1,'0.2',5,1,'0.2222222',9,2,1,4,4,25,3
14435123,1038379,140,24,25,6,6,2,1,5,1,5,'0.333',3,1,'0.615',13,8,1,8,8,30,2
14435124,1038379,349,24,10,13,7,2,0,4,1,12,0,0,0,1,2,2,'0.6',10,6,22,4
14435125,1038379,178,24,13,1,2,2,2,3,1,0,'0.3333333',6,2,'0.4444444',9,4,1,3,3,24,1
14435126,1038379,57,24,7,1,1,0,1,1,1,0,'0.5',2,1,'0.4',5,2,1,2,2,05,1
14435127,1038379,3547095,24,0,1,0,0,0,0,0,1,NULL,0,0,NULL,0,0,NULL,0,0,4,0
14435128,1038379,666451,24,9,5,1,2,0,0,1,4,1,1,1,'0.8',5,4,NULL,0,0,14,2
14435129,1038379,147,24,6,6,0,1,2,2,3,3,NULL,0,0,'0.375',8,3,NULL,0,0,18,0
14435130,1038379,3547298,24,16,6,2,0,4,2,0,6,0,3,0,'0.444',9,4,'0.667',12,8,24,0
14435131,1038379,666729,24,0,0,0,0,0,0,0,0,0,0,0,0,0,0,0,0,0,01,0
14435132,1038379,3547253,24,0,0,0,0,0,0,0,0,0,0,0,0,0,0,0,0,0,01,0
14435133,1038379,351,24,9,7,3,0,2,1,0,7,'0.5',6,3,'0.5',6,3,0,0,0,24,1
14435134,1038379,356,24,2,2,0,0,1,0,1,1,0,2,0,0,3,0,1,2,2,18,1
14435135,1038379,38017729,24,5,1,0,0,0,1,0,1,'0.5',2,1,'0.667',3,2,NULL,0,0,10,1
14435136,1038379,37,24,0,0,0,0,0,0,0,0,0,0,0,0,0,0,0,0,0,00,0
14435137,1038379,272,24,0,0,0,0,0,0,0,0,0,0,0,0,0,0,0,0,0,00,0
14435138,1038379,56677826,9,14,7,1,1,2,0,4,3,NULL,0,0,'0.538',13,7,0,3,0,29,4
14435141,1038379,38017739,9,18,1,1,0,2,0,0,1,'0.286',7,2,'0.467',15,7,1,2,2,21,3
14435153,1038379,38017694,9,7,9,5,0,2,1,3,6,0,0,0,'0.3333333',6,2,'0.75',4,3,23,3
14435154,1038379,17896075,9,13,4,8,2,1,5,1,3,0,1,0,'0.4545455',11,5,'0.6',5,3,26,3
14435155,1038379,38017682,9,2,0,0,0,1,2,0,0,0,4,0,0,6,0,1,2,2,15,3
14435156,1038379,68,9,5,5,0,0,0,1,0,5,'0.5',2,1,'0.5',4,2,NULL,0,0,12,1
14435157,1038379,64268165,9,0,0,0,0,1,0,0,0,0,0,0,0,0,0,0,0,0,06,1
14435158,1038379,3547275,9,3,1,0,0,0,0,0,1,'0.5',2,1,'0.25',4,1,NULL,0,0,7,1
14435159,1038379,160,9,10,4,1,1,1,3,1,3,'0.286',7,2,'0.333',12,4,NULL,0,0,26,2
14435161,1038379,320,9,13,9,2,1,1,2,4,5,'0.5',6,3,'0.4',10,4,'0.667',3,2,23,0
14435162,1038379,337,9,3,3,2,0,1,0,2,1,0,3,0,'0.167',6,1,'0.5',2,1,15,1
14435170,1038379,56677792,9,4,1,6,0,0,3,0,1,0,4,0,'0.286',7,2,NULL,0,0,24,4
14435171,1038379,3547240,9,3,2,0,0,1,2,1,1,NULL,0,0,'0.333',3,1,1,1,1,12,6
14435175,1038379,56677729,9,0,0,0,0,0,0,0,0,0,0,0,0,0,0,0,0,0,00,0
14435177,1038379,17895858,9,0,0,0,0,0,0,0,0,0,0,0,0,0,0,0,0,0,00,0
14435178,1038379,42097199,9,0,0,0,0,0,0,0,0,0,0,0,0,0,0,0,0,0,00,0
14435179,1038379,3547267,9,0,0,0,0,0,0,0,0,0,0,0,0,0,0,0,0,0,00,0
14435181,1038379,44477024,9,0,0,0,0,0,0,0,0,0,0,0,0,0,0,0,0,0,00,0
14435260,1038380,297,29,16,8,1,1,0,2,2,6,'0.286',7,2,'0.4',15,6,1,2,2,34,1
14435261,1038380,101,29,11,10,2,1,1,2,3,7,0,3,0,'0.5',10,5,'0.3333333',3,1,28,4
14435262,1038380,38017705,29,12,7,1,3,0,2,5,2,0,1,0,'0.462',13,6,NULL,0,0,28,4
14435263,1038380,413,29,18,0,3,2,0,0,0,0,'0.4',5,2,'0.533',15,8,NULL,0,0,26,1
14435264,1038380,56677834,29,13,5,7,0,2,2,0,5,'0.6',5,3,'0.556',9,5,NULL,0,0,33,3
14435265,1038380,100,29,17,3,5,0,0,4,0,3,'0.375',8,3,'0.429',14,6,1,2,2,32,2
14435266,1038380,139,29,12,1,3,0,1,0,1,0,'0.5',2,1,'0.8333333',6,5,1,1,1,17,3
14435267,1038380,56677824,29,9,5,1,0,0,0,2,3,'0.167',6,1,'0.444',9,4,NULL,0,0,16,2
14435268,1038380,666650,29,7,2,4,0,0,1,1,1,'0.25',4,1,'0.4',5,2,1,2,2,16,1
14435269,1038380,3547260,29,0,0,2,0,1,0,0,0,0,1,0,0,1,0,NULL,0,0,2,0
14435270,1038380,376,29,0,0,0,0,0,0,0,0,0,0,0,0,0,0,0,0,0,00,0
14435271,1038380,666881,29,3,1,0,0,0,0,0,1,1,1,1,1,1,1,NULL,0,0,2,0
14435272,1038380,56677842,29,3,0,0,0,0,0,0,0,0,2,0,'0.333',3,1,1,1,1,2,0
14435273,1038380,11891374,29,1,2,0,0,0,0,1,1,NULL,0,0,NULL,0,0,'0.5',2,1,2,0
14435274,1038380,38017630,29,0,0,0,0,0,0,0,0,0,0,0,0,0,0,0,0,0,00,0
14435275,1038380,19465584,29,0,0,0,0,0,0,0,0,0,0,0,0,0,0,0,0,0,00,0
14435276,1038380,17896042,29,0,0,0,0,0,0,0,0,0,0,0,0,0,0,0,0,0,00,0
14435277,1038380,383,14,11,3,1,1,0,0,0,3,'0.5',2,1,'0.5',8,4,1,2,2,33,2
14435278,1038380,666609,14,36,2,1,1,0,0,0,2,'0.75',8,6,'0.684',19,13,'0.8',5,4,34,0
14435279,1038380,117,14,37,15,1,2,0,2,3,12,'0.333',3,1,'0.52',25,13,'0.769',13,10,38,0
14435280,1038380,17553995,14,22,4,7,0,3,3,0,4,'0.6',5,3,'0.692',13,9,1,1,1,34,0
14435281,1038380,405,14,11,9,17,0,1,2,1,8,0,1,0,'0.5',8,4,1,3,3,33,4
14435282,1038380,56677738,14,2,0,0,0,0,0,0,0,NULL,0,0,1,1,1,NULL,0,0,2,0
14435283,1038380,130,14,10,0,4,0,2,1,0,0,'0.5',4,2,'0.6666667',6,4,0,0,0,28,2
14435284,1038380,666626,14,4,0,1,0,2,0,0,0,0,0,0,1,2,2,0,0,0,10,1
14435285,1038380,3547289,14,0,0,0,0,0,0,0,0,NULL,0,0,NULL,0,0,NULL,0,0,2,0
14435286,1038380,666971,14,3,0,1,0,0,0,0,0,'0.25',4,1,'0.25',4,1,NULL,0,0,8,1
14435287,1038380,486,14,2,4,1,0,0,1,1,3,0,4,0,'0.2',5,1,NULL,0,0,16,3
14435288,1038380,38017697,14,0,0,0,0,0,0,0,0,0,0,0,0,0,0,0,0,0,00,0
14435289,1038380,56677835,14,0,0,0,0,0,0,0,0,0,0,0,0,0,0,0,0,0,00,0
14435290,1038380,237,14,0,0,0,0,0,0,0,0,0,0,0,0,0,0,0,0,0,00,0
14435291,1038380,56677836,14,0,0,0,0,0,0,0,0,0,0,0,0,0,0,0,0,0,00,0
14435292,1038380,666860,14,0,0,0,0,0,0,0,0,0,0,0,0,0,0,0,0,0,00,0
14435293,1038380,457,14,0,0,0,0,0,0,0,0,0,0,0,0,0,0,0,0,0,00,0
14435294,1038380,1603383,14,0,0,0,0,0,0,0,0,0,0,0,0,0,0,0,0,0,00,0
14435906,1038377,359,27,0,1,3,0,0,0,0,1,0,1,0,0,1,0,0,0,0,18,1
14437537,1038381,475,10,10,6,3,0,4,0,2,4,'0.333',6,2,'0.4',10,4,NULL,0,0,30,3
14437538,1038381,17553979,10,13,8,6,0,0,2,5,3,0,1,0,'0.462',13,6,1,1,1,36,2
14437539,1038381,185,10,9,10,4,0,1,1,1,9,'0.5',2,1,'0.333',12,4,NULL,0,0,31,5
14437540,1038381,443,10,12,3,1,1,0,1,0,3,'0.111',9,1,'0.286',14,4,1,3,3,30,3
14437541,1038381,115,10,41,4,5,0,0,4,1,3,'0.474',19,9,'0.484',31,15,1,2,2,35,3
14437542,1038381,56677799,10,0,0,0,0,0,0,0,0,0,0,0,0,0,0,0,0,0,00,0
14437543,1038381,282,10,4,2,1,0,0,0,0,2,0,0,0,1,1,1,1,2,2,11,0
14437544,1038381,17553992,10,6,2,0,0,1,0,2,0,0,1,0,'0.6666667',3,2,1,2,2,08,1
14437545,1038381,2189,10,2,2,3,0,0,0,0,2,0,1,0,'0.5',2,1,NULL,0,0,14,2
14437546,1038381,56677858,10,25,7,8,0,1,1,1,6,1,5,5,'0.75',12,9,'0.333',6,2,32,1
14437547,1038381,45658838,10,3,2,2,0,0,0,0,2,0,1,0,'0.3333333',3,1,'0.5',2,1,08,3
14437548,1038381,398,10,0,0,0,0,0,0,0,0,0,0,0,0,0,0,0,0,0,00,0
14437549,1038381,57875092,10,0,0,0,0,0,0,0,0,0,0,0,0,0,0,0,0,0,00,0
14437550,1038381,407,10,0,1,1,1,0,0,1,0,0,2,0,0,2,0,0,0,0,06,2
14437551,1038381,17896070,10,0,0,0,0,0,0,0,0,0,0,0,0,0,0,0,0,0,00,0
14437552,1038381,367,10,0,0,0,0,0,0,0,0,0,0,0,0,0,0,0,0,0,00,0
14437553,1038381,666511,13,14,6,0,0,0,1,1,5,'0.5',4,2,'0.571',7,4,1,4,4,24,3
14437554,1038381,172,13,24,5,5,1,2,2,0,5,'0.143',7,1,'0.471',17,8,'0.875',8,7,33,6
14437555,1038381,493,13,13,10,3,2,2,3,1,9,NULL,0,0,'0.714',7,5,'0.75',4,3,28,1
14437556,1038381,666743,13,9,5,4,0,0,1,2,3,'0.167',6,1,'0.375',8,3,'0.5',4,2,28,2
14437557,1038381,192,13,26,8,7,1,0,1,2,6,'0.444',9,4,'0.583',12,7,'0.889',9,8,40,0
14437558,1038381,17896022,13,0,1,0,0,0,0,0,1,0,2,0,0,4,0,0,0,0,09,2
14437559,1038381,56677849,13,0,0,0,0,0,0,0,0,0,0,0,0,0,0,0,0,0,00,0
14437560,1038381,38017725,13,0,0,0,0,0,0,0,0,0,0,0,0,0,0,0,0,0,00,0
14437561,1038381,56677856,13,0,0,0,0,0,0,0,0,0,0,0,0,0,0,0,0,0,00,0
14437562,1038381,24417679,13,0,0,0,0,0,0,0,0,0,0,0,0,0,0,0,0,0,00,0
14437563,1038381,371,13,8,6,3,0,1,1,2,4,NULL,0,0,'0.5',6,3,'0.667',3,2,16,3
14437564,1038381,380,13,21,2,0,0,0,1,0,2,'0.714',7,5,'0.615',13,8,NULL,0,0,19,2
14437565,1038381,17896051,13,0,0,0,0,0,0,0,0,0,0,0,0,0,0,0,0,0,00,0
14437566,1038381,439,13,0,0,0,0,0,0,0,0,0,0,0,0,0,0,0,0,0,00,0
14437567,1038381,472,13,15,5,6,0,1,2,4,1,0,3,0,'0.429',14,6,'0.6',5,3,31,2
14437568,1038381,17896031,13,0,0,0,0,0,0,0,0,0,0,0,0,0,0,0,0,0,00,0
14437569,1038381,274,13,0,0,0,0,0,0,0,0,0,0,0,0,0,0,0,0,0,00,0
14437570,1038381,450,13,0,0,0,0,0,0,0,0,0,0,0,0,0,0,0,0,0,00,0
14440567,1038382,38017731,15,18,12,7,0,2,2,1,11,0,2,0,'0.636',11,7,1,4,4,34,5
14440568,1038382,17896067,15,7,3,7,1,0,1,0,3,1,1,1,'0.75',4,3,0,0,0,32,1
14440569,1038382,64269023,15,10,6,2,1,0,2,4,2,0,0,0,'0.3636364',11,4,1,2,2,23,4
14440570,1038382,17896027,15,27,4,4,0,3,2,0,4,'0.5714286',7,4,'0.6923077',13,9,'0.7142857',7,5,36,1
14440571,1038382,18678058,15,11,7,3,0,2,2,2,5,'0.3333333',3,1,'0.4166667',12,5,0,0,0,29,1
14440572,1038382,48248287,15,0,1,5,0,1,1,0,1,0,1,0,0,3,0,0,0,0,15,0
14440573,1038382,56677830,15,27,1,0,1,0,3,0,1,'0.6',10,6,'0.5882353',17,10,'0.3333333',3,1,29,3
14440574,1038382,254,15,0,0,0,0,0,0,0,0,0,0,0,0,0,0,0,0,0,00,0
14440575,1038382,38017728,15,0,0,0,0,0,0,0,0,0,0,0,0,0,0,0,0,0,00,0
14440576,1038382,401,15,0,0,0,0,0,0,0,0,0,0,0,0,0,0,0,0,0,00,0
14440577,1038382,3547279,15,13,5,1,0,1,3,0,5,1,1,1,'0.6',10,6,0,3,0,29,1
14440578,1038382,470,15,0,1,1,0,0,0,0,1,0,1,0,0,2,0,0,0,0,11,0
14440579,1038382,3547287,15,0,0,0,0,0,0,0,0,0,0,0,0,0,0,0,0,0,00,0
14440580,1038382,666505,15,0,0,0,0,0,0,0,0,0,0,0,0,0,0,0,0,0,00,0
14440581,1038382,231,15,0,0,0,0,0,0,0,0,0,0,0,0,0,0,0,0,0,00,0
14440582,1038382,666703,15,0,0,0,0,0,0,0,0,0,0,0,0,0,0,0,0,0,00,0
14440583,1038382,666786,15,0,0,0,0,0,0,0,0,0,0,0,0,0,0,0,0,0,00,0
14440584,1038382,38017656,15,0,0,0,0,0,0,0,0,0,0,0,0,0,0,0,0,0,00,0
14440585,1038382,420,15,0,0,0,0,0,0,0,0,0,0,0,0,0,0,0,0,0,00,0
14440586,1038382,112,17,4,5,0,0,1,1,1,4,0,2,0,'0.5',4,2,0,0,0,23,2
14440587,1038382,15,17,35,4,12,0,0,1,0,4,NULL,0,0,'0.882',17,15,'0.556',9,5,37,5
14440588,1038382,283,17,14,11,2,4,2,1,2,9,'0.2222222',9,2,'0.3571429',14,5,1,2,2,34,2
14440589,1038382,38,17,9,2,0,0,2,0,0,2,'0.3',10,3,'0.3',10,3,NULL,0,0,30,4
14440590,1038382,278,17,24,5,7,0,1,4,2,3,'0.231',13,3,'0.333',21,7,1,7,7,35,2
14440591,1038382,2148,17,0,0,0,0,0,0,0,0,0,0,0,0,0,0,0,0,0,00,0
14440592,1038382,38017676,17,0,0,0,0,0,0,0,0,0,0,0,0,0,0,0,0,0,00,0
14440593,1038382,45,17,1,4,0,0,1,1,1,3,0,4,0,0,4,0,'0.5',2,1,14,1
14440594,1038382,105,17,2,5,0,1,2,2,2,3,0,1,0,'0.3333333',3,1,0,0,0,24,1
14440595,1038382,38017733,17,6,1,1,0,1,1,0,1,'0.5',4,2,'0.5',4,2,0,0,0,14,2
14440596,1038382,56677852,17,0,0,0,0,0,0,0,0,0,0,0,0,1,0,0,0,0,03,2
14440597,1038382,56677854,17,0,0,0,0,0,0,0,0,0,0,0,0,0,0,0,0,0,00,0
14440598,1038382,377,17,15,7,2,0,0,2,3,4,1,1,1,'0.5833333',12,7,0,0,0,25,1
14440599,1038382,38017691,17,0,0,0,0,0,0,0,0,0,0,0,0,0,0,0,0,0,00,0
14440600,1038382,315,17,0,0,0,0,0,0,0,0,0,0,0,0,0,0,0,0,0,00,0
14440703,1038168,297,29,20,14,3,0,0,1,5,9,'0.364',11,4,'0.261',23,6,1,4,4,34,1
14440704,1038168,101,29,18,13,2,1,1,1,4,9,'0.333',3,1,'0.571',14,8,1,1,1,31,4
14440705,1038168,38017705,29,4,6,2,1,1,1,3,3,0,1,0,'0.5',2,1,1,2,2,25,3
14440706,1038168,413,29,35,3,9,1,1,3,1,2,'0.375',8,3,'0.556',18,10,'0.923',13,12,34,2
14440707,1038168,56677834,29,33,2,6,0,3,2,0,2,'0.563',16,9,'0.5',22,11,'0.667',3,2,41,6
14440708,1038168,100,29,13,2,9,0,0,3,2,0,'0.2',5,1,'0.375',8,3,'0.857',7,6,33,2
14440709,1038168,139,29,8,5,1,0,2,3,1,4,'0.6666667',3,2,'0.6666667',3,2,1,2,2,21,2
14440710,1038168,56677824,29,3,3,0,0,2,2,1,2,1,1,1,1,1,1,0,0,0,16,0
14440711,1038168,666650,29,3,0,1,0,0,0,0,0,1,1,1,'0.5',2,1,0,0,0,05,2
14440712,1038168,3547260,29,0,0,0,0,0,0,0,0,0,0,0,0,0,0,0,0,0,00,0
14440713,1038168,376,29,0,0,0,0,0,0,0,0,0,0,0,0,0,0,0,0,0,00,0
14440714,1038168,666881,29,0,0,0,0,0,0,0,0,0,0,0,0,0,0,0,0,0,00,0
14440715,1038168,56677842,29,0,0,0,0,0,0,0,0,0,0,0,0,0,0,0,0,0,00,0
14440716,1038168,11891374,29,0,0,0,0,0,0,0,0,0,0,0,0,0,0,0,0,0,00,0
14440717,1038168,38017630,29,0,0,0,0,0,0,0,0,0,0,0,0,0,0,0,0,0,00,0
14440718,1038168,19465584,29,0,0,0,0,0,0,0,0,0,0,0,0,0,0,0,0,0,00,0
14440719,1038168,17896042,29,0,0,0,0,0,0,0,0,0,0,0,0,0,0,0,0,0,00,0
14440720,1038168,475,10,19,7,2,0,0,3,3,4,'0.75',4,3,'0.5833333',12,7,1,2,2,29,2
14440721,1038168,17553979,10,13,5,4,1,0,2,1,4,0,0,0,'0.8333333',6,5,'0.75',4,3,25,1
14440722,1038168,185,10,23,5,5,2,4,0,0,5,'0.6',5,3,'0.6428571',14,9,'0.5',4,2,29,4
14440723,1038168,56677858,10,13,6,8,0,0,2,3,3,'0.4285714',7,3,'0.4166667',12,5,0,0,0,34,1
14440724,1038168,115,10,16,2,10,0,1,4,1,1,'0.25',8,2,'0.286',14,4,'0.75',8,6,35,2
14440725,1038168,56677799,10,4,1,2,1,0,0,0,1,0,0,0,'0.5',2,1,1,2,2,08,2
14440726,1038168,282,10,0,2,3,1,0,0,2,0,0,0,0,0,1,0,0,0,0,11,2
14440727,1038168,17553992,10,0,0,0,0,0,0,0,0,0,0,0,0,0,0,0,0,0,00,0
14440728,1038168,2189,10,4,3,0,1,2,1,2,1,0,0,0,'0.6666667',3,2,0,0,0,15,2
14440729,1038168,45658838,10,6,1,4,0,1,0,0,1,'0.5',2,1,'0.5',2,1,'0.75',4,3,16,1
14440730,1038168,398,10,0,0,0,0,0,0,0,0,0,0,0,0,0,0,0,0,0,00,0
14440731,1038168,57875092,10,0,0,0,0,0,0,0,0,0,0,0,0,0,0,0,0,0,00,0
14440732,1038168,407,10,7,3,2,0,0,1,1,2,'0.3333333',3,1,'0.5',4,2,1,2,2,10,2
14440733,1038168,443,10,35,6,2,0,0,0,0,6,'0.538',13,7,'0.591',22,13,1,2,2,28,0
14440734,1038168,17896070,10,0,0,0,0,0,0,0,0,0,0,0,0,0,0,0,0,0,00,0
14440735,1038168,367,10,0,0,0,0,0,0,0,0,0,0,0,0,0,0,0,0,0,00,0
14441071,1038383,182,25,20,2,0,1,0,0,1,1,'0.5',4,2,'0.4285714',14,6,1,6,6,33,2
14441072,1038383,56677850,25,13,5,2,2,0,1,1,4,1,1,1,1,5,5,'0.6666667',3,2,18,2
14441073,1038383,22,25,2,4,3,1,3,1,0,4,0,0,0,'0.2',5,1,0,0,0,20,6
14441074,1038383,419,25,12,5,6,0,0,5,0,5,'0.375',8,3,'0.267',15,4,1,1,1,33,5
14441075,1038383,56677747,25,15,1,4,0,1,3,0,1,0,4,0,'0.417',12,5,'0.833',6,5,31,1
14441076,1038383,39613724,25,3,2,1,1,0,1,1,1,0,0,0,'0.5',2,1,'0.5',2,1,10,1
14441077,1038383,17896094,25,4,2,0,0,2,1,0,2,NULL,0,0,'0.25',4,1,'0.5',4,2,18,1
14441078,1038383,3547278,25,2,1,0,0,0,0,0,1,0,0,0,1,1,1,0,0,0,04,0
14441079,1038383,47957121,25,0,2,1,0,0,0,1,1,0,1,0,0,1,0,NULL,0,0,5,0
14441080,1038383,56677791,25,6,4,0,0,0,2,1,3,'0.333',3,1,'0.4',5,2,'0.25',4,1,12,1
14441081,1038383,56783340,25,6,3,0,0,0,1,3,0,'0.2',5,1,'0.2222222',9,2,'0.5',2,1,17,1
14441082,1038383,666923,25,0,0,0,0,1,0,0,0,0,2,0,0,4,0,0,0,0,11,2
14441083,1038383,38017711,25,8,4,1,0,1,0,1,3,0,1,0,'0.5',6,3,1,2,2,24,1
14441084,1038383,65,25,0,0,0,0,0,0,0,0,0,0,0,0,0,0,0,0,0,00,0
14441085,1038383,666476,25,0,0,0,0,0,0,0,0,0,0,0,0,0,0,0,0,0,00,0
14441086,1038383,56677829,25,0,0,0,0,0,0,0,0,0,0,0,0,0,0,0,0,0,00,0
14441087,1038383,38017690,25,0,0,0,0,0,0,0,0,0,0,0,0,0,0,0,0,0,00,0
14441088,1038383,476,25,0,0,0,0,0,0,0,0,0,0,0,0,0,0,0,0,0,00,0
14441089,1038383,3547259,18,17,5,1,0,2,2,1,4,'0.25',4,1,'0.545',11,6,1,4,4,28,2
14441090,1038383,447,18,23,8,1,2,1,3,2,6,'0.5',2,1,'0.6153846',13,8,1,6,6,30,3
14441091,1038383,176,18,11,12,2,2,0,3,2,10,NULL,0,0,'0.571',7,4,'0.75',4,3,26,4
14441092,1038383,3547238,18,34,6,7,1,2,1,1,5,'0.429',7,3,'0.571',21,12,'0.875',8,7,33,1
14441093,1038383,104,18,12,4,3,0,1,0,2,2,'0.5',4,2,'0.5',6,3,1,4,4,22,1
14441094,1038383,666400,18,2,2,1,0,0,1,0,2,0,4,0,'0.167',6,1,NULL,0,0,21,3
14441095,1038383,12,18,2,7,3,0,0,2,2,5,NULL,0,0,'0.25',4,1,NULL,0,0,21,1
14441096,1038383,666767,18,0,0,1,0,0,0,0,0,0,1,0,0,1,0,NULL,0,0,6,2
14441097,1038383,56677782,18,0,0,2,0,0,0,0,0,0,0,0,0,1,0,0,0,0,04,0
14441098,1038383,38017715,18,0,4,0,0,0,0,0,4,NULL,0,0,NULL,0,0,NULL,0,0,5,0
14441099,1038383,330,18,12,1,3,0,1,1,0,1,'0.25',4,1,'0.625',8,5,1,1,1,15,0
14441100,1038383,17895968,18,5,0,0,0,1,0,0,0,'0.5',2,1,'0.667',3,2,NULL,0,0,5,1
14441101,1038383,667378,18,10,3,0,0,0,0,1,2,1,2,2,'0.5',8,4,NULL,0,0,22,4
14441102,1038383,56677851,18,0,0,0,0,0,0,0,0,0,0,0,0,0,0,0,0,0,00,0
14441103,1038383,17896056,18,0,0,0,0,0,0,0,0,0,0,0,0,0,0,0,0,0,00,0
14441104,1038383,38017700,18,0,0,0,0,0,0,0,0,0,0,0,0,0,0,0,0,0,00,0
